2026-05-21 16:39:12 | ERROR    | audio_manager        | Initialisation volume master : 'AudioDevice' object has no attribute 'Activate'
2026-05-21 16:39:12 | INFO     | audio_manager        | Microphone initialisé
2026-05-24 23:51:15 | ERROR    | audio_manager        | Initialisation volume master : 'AudioDevice' object has no attribute 'Activate'
2026-05-24 23:51:15 | INFO     | audio_manager        | Microphone initialisé
2026-05-24 23:51:15 | INFO     | agent                | ============================================================
2026-05-24 23:51:15 | INFO     | agent                | Kore Deck — Agent PC v2.0
2026-05-24 23:51:15 | INFO     | agent                | Port : COM3 | WS : ws://localhost:8765
2026-05-24 23:51:15 | INFO     | agent                | ============================================================
2026-05-24 23:51:15 | INFO     | serial_manager       | Connexion sur COM3 @ 115200...
2026-05-24 23:51:15 | INFO     | serial_manager       | Threads série démarrés
2026-05-24 23:51:15 | WARNING  | serial_manager       | Connexion échouée : could not open port 'COM3': FileNotFoundError(2, 'Le fichier spécifié est introuvable.', None, 2) — retry dans 3.0s
2026-05-24 23:51:16 | INFO     | system_monitor       | HWiNFO non disponible — FPS désactivé
2026-05-24 23:51:16 | INFO     | serial_manager       | Port série fermé
2026-05-24 23:51:16 | INFO     | agent                | Agent arrêté
2026-05-24 23:55:02 | ERROR    | audio_manager        | Initialisation volume master : 'AudioDevice' object has no attribute 'Activate'
2026-05-24 23:55:02 | INFO     | audio_manager        | Microphone initialisé
2026-05-24 23:55:02 | INFO     | agent                | ============================================================
2026-05-24 23:55:02 | INFO     | agent                | Kore Deck — Agent PC v2.0
2026-05-24 23:55:02 | INFO     | agent                | Port : COM3 | WS : ws://localhost:8765
2026-05-24 23:55:02 | INFO     | agent                | ============================================================
2026-05-24 23:55:02 | INFO     | serial_manager       | Connexion sur COM3 @ 115200...
2026-05-24 23:55:02 | INFO     | serial_manager       | Threads série démarrés
2026-05-24 23:55:02 | WARNING  | serial_manager       | Connexion échouée : could not open port 'COM3': FileNotFoundError(2, 'Le fichier spécifié est introuvable.', None, 2) — retry dans 3.0s
2026-05-24 23:55:02 | INFO     | system_monitor       | HWiNFO non disponible — FPS désactivé
2026-05-24 23:55:05 | INFO     | serial_manager       | Connexion sur COM3 @ 115200...
2026-05-24 23:55:05 | WARNING  | serial_manager       | Connexion échouée : could not open port 'COM3': FileNotFoundError(2, 'Le fichier spécifié est introuvable.', None, 2) — retry dans 3.0s
2026-05-24 23:55:08 | INFO     | serial_manager       | Connexion sur COM3 @ 115200...
2026-05-24 23:55:08 | WARNING  | serial_manager       | Connexion échouée : could not open port 'COM3': FileNotFoundError(2, 'Le fichier spécifié est introuvable.', None, 2) — retry dans 3.0s
2026-05-24 23:55:11 | INFO     | serial_manager       | Connexion sur COM3 @ 115200...
2026-05-24 23:55:11 | WARNING  | serial_manager       | Connexion échouée : could not open port 'COM3': FileNotFoundError(2, 'Le fichier spécifié est introuvable.', None, 2) — retry dans 3.0s
2026-05-24 23:55:14 | INFO     | serial_manager       | Connexion sur COM3 @ 115200...
2026-05-24 23:55:14 | WARNING  | serial_manager       | Connexion échouée : could not open port 'COM3': FileNotFoundError(2, 'Le fichier spécifié est introuvable.', None, 2) — retry dans 3.0s
2026-05-24 23:55:17 | INFO     | serial_manager       | Connexion sur COM3 @ 115200...
2026-05-24 23:55:17 | WARNING  | serial_manager       | Connexion échouée : could not open port 'COM3': FileNotFoundError(2, 'Le fichier spécifié est introuvable.', None, 2) — retry dans 3.0s
2026-05-24 23:55:20 | INFO     | serial_manager       | Connexion sur COM3 @ 115200...
2026-05-24 23:55:20 | WARNING  | serial_manager       | Connexion échouée : could not open port 'COM3': FileNotFoundError(2, 'Le fichier spécifié est introuvable.', None, 2) — retry dans 3.0s
2026-05-24 23:55:23 | INFO     | serial_manager       | Connexion sur COM3 @ 115200...
2026-05-24 23:55:23 | WARNING  | serial_manager       | Connexion échouée : could not open port 'COM3': FileNotFoundError(2, 'Le fichier spécifié est introuvable.', None, 2) — retry dans 3.0s
2026-05-24 23:55:26 | INFO     | serial_manager       | Connexion sur COM3 @ 115200...
2026-05-24 23:55:26 | WARNING  | serial_manager       | Connexion échouée : could not open port 'COM3': FileNotFoundError(2, 'Le fichier spécifié est introuvable.', None, 2) — retry dans 3.0s
2026-05-24 23:55:29 | INFO     | serial_manager       | Connexion sur COM3 @ 115200...
2026-05-24 23:55:29 | WARNING  | serial_manager       | Connexion échouée : could not open port 'COM3': FileNotFoundError(2, 'Le fichier spécifié est introuvable.', None, 2) — retry dans 3.0s
2026-05-24 23:55:32 | INFO     | serial_manager       | Connexion sur COM3 @ 115200...
2026-05-24 23:55:32 | WARNING  | serial_manager       | Connexion échouée : could not open port 'COM3': FileNotFoundError(2, 'Le fichier spécifié est introuvable.', None, 2) — retry dans 3.0s
2026-05-24 23:55:35 | INFO     | serial_manager       | Connexion sur COM3 @ 115200...
2026-05-24 23:55:35 | WARNING  | serial_manager       | Connexion échouée : could not open port 'COM3': FileNotFoundError(2, 'Le fichier spécifié est introuvable.', None, 2) — retry dans 3.0s
2026-05-24 23:55:38 | INFO     | serial_manager       | Connexion sur COM3 @ 115200...
2026-05-24 23:55:38 | WARNING  | serial_manager       | Connexion échouée : could not open port 'COM3': FileNotFoundError(2, 'Le fichier spécifié est introuvable.', None, 2) — retry dans 3.0s
2026-05-24 23:55:41 | INFO     | serial_manager       | Connexion sur COM3 @ 115200...
2026-05-24 23:55:41 | WARNING  | serial_manager       | Connexion échouée : could not open port 'COM3': FileNotFoundError(2, 'Le fichier spécifié est introuvable.', None, 2) — retry dans 3.0s
2026-05-24 23:55:44 | INFO     | serial_manager       | Connexion sur COM3 @ 115200...
2026-05-24 23:55:44 | WARNING  | serial_manager       | Connexion échouée : could not open port 'COM3': FileNotFoundError(2, 'Le fichier spécifié est introuvable.', None, 2) — retry dans 3.0s
2026-05-24 23:55:47 | INFO     | serial_manager       | Connexion sur COM3 @ 115200...
2026-05-24 23:55:47 | WARNING  | serial_manager       | Connexion échouée : could not open port 'COM3': FileNotFoundError(2, 'Le fichier spécifié est introuvable.', None, 2) — retry dans 3.0s
2026-05-24 23:55:50 | INFO     | serial_manager       | Connexion sur COM3 @ 115200...
2026-05-24 23:55:50 | WARNING  | serial_manager       | Connexion échouée : could not open port 'COM3': FileNotFoundError(2, 'Le fichier spécifié est introuvable.', None, 2) — retry dans 3.0s
2026-05-24 23:55:53 | INFO     | serial_manager       | Connexion sur COM3 @ 115200...
2026-05-24 23:55:53 | WARNING  | serial_manager       | Connexion échouée : could not open port 'COM3': FileNotFoundError(2, 'Le fichier spécifié est introuvable.', None, 2) — retry dans 3.0s
2026-05-24 23:55:56 | INFO     | serial_manager       | Connexion sur COM3 @ 115200...
2026-05-24 23:55:56 | WARNING  | serial_manager       | Connexion échouée : could not open port 'COM3': FileNotFoundError(2, 'Le fichier spécifié est introuvable.', None, 2) — retry dans 3.0s
2026-05-24 23:55:59 | INFO     | serial_manager       | Connexion sur COM3 @ 115200...
2026-05-24 23:55:59 | WARNING  | serial_manager       | Connexion échouée : could not open port 'COM3': FileNotFoundError(2, 'Le fichier spécifié est introuvable.', None, 2) — retry dans 3.0s
2026-05-24 23:56:02 | INFO     | serial_manager       | Connexion sur COM3 @ 115200...
2026-05-24 23:56:02 | WARNING  | serial_manager       | Connexion échouée : could not open port 'COM3': FileNotFoundError(2, 'Le fichier spécifié est introuvable.', None, 2) — retry dans 3.0s
2026-05-24 23:56:05 | INFO     | serial_manager       | Connexion sur COM3 @ 115200...
2026-05-24 23:56:05 | WARNING  | serial_manager       | Connexion échouée : could not open port 'COM3': FileNotFoundError(2, 'Le fichier spécifié est introuvable.', None, 2) — retry dans 3.0s
2026-05-24 23:56:08 | INFO     | serial_manager       | Connexion sur COM3 @ 115200...
2026-05-24 23:56:08 | WARNING  | serial_manager       | Connexion échouée : could not open port 'COM3': FileNotFoundError(2, 'Le fichier spécifié est introuvable.', None, 2) — retry dans 3.0s
2026-05-24 23:56:11 | INFO     | serial_manager       | Connexion sur COM3 @ 115200...
2026-05-24 23:56:11 | WARNING  | serial_manager       | Connexion échouée : could not open port 'COM3': FileNotFoundError(2, 'Le fichier spécifié est introuvable.', None, 2) — retry dans 3.0s
2026-05-24 23:56:14 | INFO     | serial_manager       | Connexion sur COM3 @ 115200...
2026-05-24 23:56:14 | WARNING  | serial_manager       | Connexion échouée : could not open port 'COM3': FileNotFoundError(2, 'Le fichier spécifié est introuvable.', None, 2) — retry dans 3.0s
2026-05-24 23:56:17 | INFO     | serial_manager       | Connexion sur COM3 @ 115200...
2026-05-24 23:56:17 | WARNING  | serial_manager       | Connexion échouée : could not open port 'COM3': FileNotFoundError(2, 'Le fichier spécifié est introuvable.', None, 2) — retry dans 3.0s
2026-05-24 23:56:20 | INFO     | serial_manager       | Connexion sur COM3 @ 115200...
2026-05-24 23:56:20 | WARNING  | serial_manager       | Connexion échouée : could not open port 'COM3': FileNotFoundError(2, 'Le fichier spécifié est introuvable.', None, 2) — retry dans 3.0s
2026-05-24 23:56:23 | INFO     | serial_manager       | Connexion sur COM3 @ 115200...
2026-05-24 23:56:23 | WARNING  | serial_manager       | Connexion échouée : could not open port 'COM3': FileNotFoundError(2, 'Le fichier spécifié est introuvable.', None, 2) — retry dans 3.0s
2026-05-24 23:56:26 | INFO     | serial_manager       | Connexion sur COM3 @ 115200...
2026-05-24 23:56:26 | WARNING  | serial_manager       | Connexion échouée : could not open port 'COM3': FileNotFoundError(2, 'Le fichier spécifié est introuvable.', None, 2) — retry dans 3.0s
2026-05-24 23:56:29 | INFO     | serial_manager       | Connexion sur COM3 @ 115200...
2026-05-24 23:56:29 | WARNING  | serial_manager       | Connexion échouée : could not open port 'COM3': FileNotFoundError(2, 'Le fichier spécifié est introuvable.', None, 2) — retry dans 3.0s
2026-05-24 23:56:32 | INFO     | serial_manager       | Connexion sur COM3 @ 115200...
2026-05-24 23:56:32 | WARNING  | serial_manager       | Connexion échouée : could not open port 'COM3': FileNotFoundError(2, 'Le fichier spécifié est introuvable.', None, 2) — retry dans 3.0s
2026-05-24 23:56:35 | INFO     | serial_manager       | Connexion sur COM3 @ 115200...
2026-05-24 23:56:35 | WARNING  | serial_manager       | Connexion échouée : could not open port 'COM3': FileNotFoundError(2, 'Le fichier spécifié est introuvable.', None, 2) — retry dans 3.0s
2026-05-24 23:56:38 | INFO     | serial_manager       | Connexion sur COM3 @ 115200...
2026-05-24 23:56:38 | WARNING  | serial_manager       | Connexion échouée : could not open port 'COM3': FileNotFoundError(2, 'Le fichier spécifié est introuvable.', None, 2) — retry dans 3.0s
2026-05-24 23:56:41 | INFO     | serial_manager       | Connexion sur COM3 @ 115200...
2026-05-24 23:56:41 | WARNING  | serial_manager       | Connexion échouée : could not open port 'COM3': FileNotFoundError(2, 'Le fichier spécifié est introuvable.', None, 2) — retry dans 3.0s
2026-05-24 23:56:44 | INFO     | serial_manager       | Connexion sur COM3 @ 115200...
2026-05-24 23:56:44 | WARNING  | serial_manager       | Connexion échouée : could not open port 'COM3': FileNotFoundError(2, 'Le fichier spécifié est introuvable.', None, 2) — retry dans 3.0s
2026-05-24 23:56:47 | INFO     | serial_manager       | Connexion sur COM3 @ 115200...
2026-05-24 23:56:47 | WARNING  | serial_manager       | Connexion échouée : could not open port 'COM3': FileNotFoundError(2, 'Le fichier spécifié est introuvable.', None, 2) — retry dans 3.0s
2026-05-24 23:56:50 | INFO     | serial_manager       | Connexion sur COM3 @ 115200...
2026-05-24 23:56:50 | WARNING  | serial_manager       | Connexion échouée : could not open port 'COM3': FileNotFoundError(2, 'Le fichier spécifié est introuvable.', None, 2) — retry dans 3.0s
2026-05-24 23:56:53 | INFO     | serial_manager       | Connexion sur COM3 @ 115200...
2026-05-24 23:56:53 | WARNING  | serial_manager       | Connexion échouée : could not open port 'COM3': FileNotFoundError(2, 'Le fichier spécifié est introuvable.', None, 2) — retry dans 3.0s
2026-05-24 23:56:56 | INFO     | serial_manager       | Connexion sur COM3 @ 115200...
2026-05-24 23:56:56 | WARNING  | serial_manager       | Connexion échouée : could not open port 'COM3': FileNotFoundError(2, 'Le fichier spécifié est introuvable.', None, 2) — retry dans 3.0s
2026-05-24 23:56:59 | INFO     | serial_manager       | Connexion sur COM3 @ 115200...
2026-05-24 23:56:59 | WARNING  | serial_manager       | Connexion échouée : could not open port 'COM3': FileNotFoundError(2, 'Le fichier spécifié est introuvable.', None, 2) — retry dans 3.0s
2026-05-24 23:57:02 | INFO     | serial_manager       | Connexion sur COM3 @ 115200...
2026-05-24 23:57:02 | WARNING  | serial_manager       | Connexion échouée : could not open port 'COM3': FileNotFoundError(2, 'Le fichier spécifié est introuvable.', None, 2) — retry dans 3.0s
2026-05-24 23:57:05 | INFO     | serial_manager       | Connexion sur COM3 @ 115200...
2026-05-24 23:57:05 | WARNING  | serial_manager       | Connexion échouée : could not open port 'COM3': FileNotFoundError(2, 'Le fichier spécifié est introuvable.', None, 2) — retry dans 3.0s
2026-05-24 23:57:08 | INFO     | serial_manager       | Connexion sur COM3 @ 115200...
2026-05-24 23:57:08 | WARNING  | serial_manager       | Connexion échouée : could not open port 'COM3': FileNotFoundError(2, 'Le fichier spécifié est introuvable.', None, 2) — retry dans 3.0s
2026-05-24 23:57:11 | INFO     | serial_manager       | Connexion sur COM3 @ 115200...
2026-05-24 23:57:11 | WARNING  | serial_manager       | Connexion échouée : could not open port 'COM3': FileNotFoundError(2, 'Le fichier spécifié est introuvable.', None, 2) — retry dans 3.0s
2026-05-24 23:57:15 | INFO     | serial_manager       | Connexion sur COM3 @ 115200...
2026-05-24 23:57:15 | WARNING  | serial_manager       | Connexion échouée : could not open port 'COM3': FileNotFoundError(2, 'Le fichier spécifié est introuvable.', None, 2) — retry dans 3.0s
2026-05-24 23:57:18 | INFO     | serial_manager       | Connexion sur COM3 @ 115200...
2026-05-24 23:57:18 | WARNING  | serial_manager       | Connexion échouée : could not open port 'COM3': FileNotFoundError(2, 'Le fichier spécifié est introuvable.', None, 2) — retry dans 3.0s
2026-05-24 23:57:21 | INFO     | serial_manager       | Connexion sur COM3 @ 115200...
2026-05-24 23:57:21 | WARNING  | serial_manager       | Connexion échouée : could not open port 'COM3': FileNotFoundError(2, 'Le fichier spécifié est introuvable.', None, 2) — retry dans 3.0s
2026-05-24 23:57:24 | INFO     | serial_manager       | Connexion sur COM3 @ 115200...
2026-05-24 23:57:24 | WARNING  | serial_manager       | Connexion échouée : could not open port 'COM3': FileNotFoundError(2, 'Le fichier spécifié est introuvable.', None, 2) — retry dans 3.0s
2026-05-24 23:57:27 | INFO     | serial_manager       | Connexion sur COM3 @ 115200...
2026-05-24 23:57:27 | WARNING  | serial_manager       | Connexion échouée : could not open port 'COM3': FileNotFoundError(2, 'Le fichier spécifié est introuvable.', None, 2) — retry dans 3.0s
2026-05-24 23:57:30 | INFO     | serial_manager       | Connexion sur COM3 @ 115200...
2026-05-24 23:57:30 | WARNING  | serial_manager       | Connexion échouée : could not open port 'COM3': FileNotFoundError(2, 'Le fichier spécifié est introuvable.', None, 2) — retry dans 3.0s
2026-05-24 23:57:33 | INFO     | serial_manager       | Connexion sur COM3 @ 115200...
2026-05-24 23:57:33 | WARNING  | serial_manager       | Connexion échouée : could not open port 'COM3': FileNotFoundError(2, 'Le fichier spécifié est introuvable.', None, 2) — retry dans 3.0s
2026-05-24 23:57:36 | INFO     | serial_manager       | Connexion sur COM3 @ 115200...
2026-05-24 23:57:36 | WARNING  | serial_manager       | Connexion échouée : could not open port 'COM3': FileNotFoundError(2, 'Le fichier spécifié est introuvable.', None, 2) — retry dans 3.0s
2026-05-24 23:57:39 | INFO     | serial_manager       | Connexion sur COM3 @ 115200...
2026-05-24 23:57:39 | WARNING  | serial_manager       | Connexion échouée : could not open port 'COM3': FileNotFoundError(2, 'Le fichier spécifié est introuvable.', None, 2) — retry dans 3.0s
2026-05-24 23:57:42 | INFO     | serial_manager       | Connexion sur COM3 @ 115200...
2026-05-24 23:57:42 | WARNING  | serial_manager       | Connexion échouée : could not open port 'COM3': FileNotFoundError(2, 'Le fichier spécifié est introuvable.', None, 2) — retry dans 3.0s
2026-05-24 23:57:45 | INFO     | serial_manager       | Connexion sur COM3 @ 115200...
2026-05-24 23:57:45 | WARNING  | serial_manager       | Connexion échouée : could not open port 'COM3': FileNotFoundError(2, 'Le fichier spécifié est introuvable.', None, 2) — retry dans 3.0s
2026-05-24 23:57:48 | INFO     | serial_manager       | Connexion sur COM3 @ 115200...
2026-05-24 23:57:48 | WARNING  | serial_manager       | Connexion échouée : could not open port 'COM3': FileNotFoundError(2, 'Le fichier spécifié est introuvable.', None, 2) — retry dans 3.0s
2026-05-24 23:57:51 | INFO     | serial_manager       | Connexion sur COM3 @ 115200...
2026-05-24 23:57:51 | WARNING  | serial_manager       | Connexion échouée : could not open port 'COM3': FileNotFoundError(2, 'Le fichier spécifié est introuvable.', None, 2) — retry dans 3.0s
2026-05-24 23:57:54 | INFO     | serial_manager       | Connexion sur COM3 @ 115200...
2026-05-24 23:57:54 | WARNING  | serial_manager       | Connexion échouée : could not open port 'COM3': FileNotFoundError(2, 'Le fichier spécifié est introuvable.', None, 2) — retry dans 3.0s
2026-05-24 23:57:57 | INFO     | serial_manager       | Connexion sur COM3 @ 115200...
2026-05-24 23:57:57 | WARNING  | serial_manager       | Connexion échouée : could not open port 'COM3': FileNotFoundError(2, 'Le fichier spécifié est introuvable.', None, 2) — retry dans 3.0s
2026-05-24 23:58:00 | INFO     | serial_manager       | Connexion sur COM3 @ 115200...
2026-05-24 23:58:00 | WARNING  | serial_manager       | Connexion échouée : could not open port 'COM3': FileNotFoundError(2, 'Le fichier spécifié est introuvable.', None, 2) — retry dans 3.0s
2026-05-24 23:58:03 | INFO     | serial_manager       | Connexion sur COM3 @ 115200...
2026-05-24 23:58:03 | WARNING  | serial_manager       | Connexion échouée : could not open port 'COM3': FileNotFoundError(2, 'Le fichier spécifié est introuvable.', None, 2) — retry dans 3.0s
2026-05-24 23:58:06 | INFO     | serial_manager       | Connexion sur COM3 @ 115200...
2026-05-24 23:58:06 | WARNING  | serial_manager       | Connexion échouée : could not open port 'COM3': FileNotFoundError(2, 'Le fichier spécifié est introuvable.', None, 2) — retry dans 3.0s
2026-05-24 23:58:09 | INFO     | serial_manager       | Connexion sur COM3 @ 115200...
2026-05-24 23:58:09 | WARNING  | serial_manager       | Connexion échouée : could not open port 'COM3': FileNotFoundError(2, 'Le fichier spécifié est introuvable.', None, 2) — retry dans 3.0s
2026-05-24 23:58:12 | INFO     | serial_manager       | Connexion sur COM3 @ 115200...
2026-05-24 23:58:12 | WARNING  | serial_manager       | Connexion échouée : could not open port 'COM3': FileNotFoundError(2, 'Le fichier spécifié est introuvable.', None, 2) — retry dans 3.0s
2026-05-24 23:58:15 | INFO     | serial_manager       | Connexion sur COM3 @ 115200...
2026-05-24 23:58:15 | WARNING  | serial_manager       | Connexion échouée : could not open port 'COM3': FileNotFoundError(2, 'Le fichier spécifié est introuvable.', None, 2) — retry dans 3.0s
2026-05-24 23:58:18 | INFO     | serial_manager       | Connexion sur COM3 @ 115200...
2026-05-24 23:58:18 | WARNING  | serial_manager       | Connexion échouée : could not open port 'COM3': FileNotFoundError(2, 'Le fichier spécifié est introuvable.', None, 2) — retry dans 3.0s
2026-05-24 23:58:21 | INFO     | serial_manager       | Connexion sur COM3 @ 115200...
2026-05-24 23:58:21 | WARNING  | serial_manager       | Connexion échouée : could not open port 'COM3': FileNotFoundError(2, 'Le fichier spécifié est introuvable.', None, 2) — retry dans 3.0s
2026-05-24 23:58:24 | INFO     | serial_manager       | Connexion sur COM3 @ 115200...
2026-05-24 23:58:24 | WARNING  | serial_manager       | Connexion échouée : could not open port 'COM3': FileNotFoundError(2, 'Le fichier spécifié est introuvable.', None, 2) — retry dans 3.0s
2026-05-24 23:58:27 | INFO     | serial_manager       | Connexion sur COM3 @ 115200...
2026-05-24 23:58:27 | WARNING  | serial_manager       | Connexion échouée : could not open port 'COM3': FileNotFoundError(2, 'Le fichier spécifié est introuvable.', None, 2) — retry dans 3.0s
2026-05-24 23:58:30 | INFO     | serial_manager       | Connexion sur COM3 @ 115200...
2026-05-24 23:58:30 | WARNING  | serial_manager       | Connexion échouée : could not open port 'COM3': FileNotFoundError(2, 'Le fichier spécifié est introuvable.', None, 2) — retry dans 3.0s
2026-05-24 23:58:33 | INFO     | serial_manager       | Connexion sur COM3 @ 115200...
2026-05-24 23:58:33 | WARNING  | serial_manager       | Connexion échouée : could not open port 'COM3': FileNotFoundError(2, 'Le fichier spécifié est introuvable.', None, 2) — retry dans 3.0s
2026-05-24 23:58:36 | INFO     | serial_manager       | Connexion sur COM3 @ 115200...
2026-05-24 23:58:36 | WARNING  | serial_manager       | Connexion échouée : could not open port 'COM3': FileNotFoundError(2, 'Le fichier spécifié est introuvable.', None, 2) — retry dans 3.0s
2026-05-24 23:58:39 | INFO     | serial_manager       | Connexion sur COM3 @ 115200...
2026-05-24 23:58:39 | WARNING  | serial_manager       | Connexion échouée : could not open port 'COM3': FileNotFoundError(2, 'Le fichier spécifié est introuvable.', None, 2) — retry dans 3.0s
2026-05-24 23:58:42 | INFO     | serial_manager       | Connexion sur COM3 @ 115200...
2026-05-24 23:58:42 | WARNING  | serial_manager       | Connexion échouée : could not open port 'COM3': FileNotFoundError(2, 'Le fichier spécifié est introuvable.', None, 2) — retry dans 3.0s
2026-05-24 23:58:45 | INFO     | serial_manager       | Connexion sur COM3 @ 115200...
2026-05-24 23:58:45 | WARNING  | serial_manager       | Connexion échouée : could not open port 'COM3': FileNotFoundError(2, 'Le fichier spécifié est introuvable.', None, 2) — retry dans 3.0s
2026-05-24 23:58:48 | INFO     | serial_manager       | Connexion sur COM3 @ 115200...
2026-05-24 23:58:48 | WARNING  | serial_manager       | Connexion échouée : could not open port 'COM3': FileNotFoundError(2, 'Le fichier spécifié est introuvable.', None, 2) — retry dans 3.0s
2026-05-24 23:58:51 | INFO     | serial_manager       | Connexion sur COM3 @ 115200...
2026-05-24 23:58:51 | WARNING  | serial_manager       | Connexion échouée : could not open port 'COM3': FileNotFoundError(2, 'Le fichier spécifié est introuvable.', None, 2) — retry dans 3.0s
2026-05-24 23:58:54 | INFO     | serial_manager       | Connexion sur COM3 @ 115200...
2026-05-24 23:58:54 | WARNING  | serial_manager       | Connexion échouée : could not open port 'COM3': FileNotFoundError(2, 'Le fichier spécifié est introuvable.', None, 2) — retry dans 3.0s
2026-05-24 23:58:57 | INFO     | serial_manager       | Connexion sur COM3 @ 115200...
2026-05-24 23:58:57 | WARNING  | serial_manager       | Connexion échouée : could not open port 'COM3': FileNotFoundError(2, 'Le fichier spécifié est introuvable.', None, 2) — retry dans 3.0s
2026-05-24 23:59:00 | INFO     | serial_manager       | Connexion sur COM3 @ 115200...
2026-05-24 23:59:00 | WARNING  | serial_manager       | Connexion échouée : could not open port 'COM3': FileNotFoundError(2, 'Le fichier spécifié est introuvable.', None, 2) — retry dans 3.0s
2026-05-24 23:59:03 | INFO     | serial_manager       | Connexion sur COM3 @ 115200...
2026-05-24 23:59:03 | WARNING  | serial_manager       | Connexion échouée : could not open port 'COM3': FileNotFoundError(2, 'Le fichier spécifié est introuvable.', None, 2) — retry dans 3.0s
2026-05-24 23:59:06 | INFO     | serial_manager       | Connexion sur COM3 @ 115200...
2026-05-24 23:59:06 | WARNING  | serial_manager       | Connexion échouée : could not open port 'COM3': FileNotFoundError(2, 'Le fichier spécifié est introuvable.', None, 2) — retry dans 3.0s
2026-05-24 23:59:09 | INFO     | serial_manager       | Connexion sur COM3 @ 115200...
2026-05-24 23:59:09 | WARNING  | serial_manager       | Connexion échouée : could not open port 'COM3': FileNotFoundError(2, 'Le fichier spécifié est introuvable.', None, 2) — retry dans 3.0s
2026-05-24 23:59:12 | INFO     | serial_manager       | Connexion sur COM3 @ 115200...
2026-05-24 23:59:12 | WARNING  | serial_manager       | Connexion échouée : could not open port 'COM3': FileNotFoundError(2, 'Le fichier spécifié est introuvable.', None, 2) — retry dans 3.0s
2026-05-24 23:59:15 | INFO     | serial_manager       | Connexion sur COM3 @ 115200...
2026-05-24 23:59:15 | WARNING  | serial_manager       | Connexion échouée : could not open port 'COM3': FileNotFoundError(2, 'Le fichier spécifié est introuvable.', None, 2) — retry dans 3.0s
2026-05-24 23:59:18 | INFO     | serial_manager       | Connexion sur COM3 @ 115200...
2026-05-24 23:59:18 | WARNING  | serial_manager       | Connexion échouée : could not open port 'COM3': FileNotFoundError(2, 'Le fichier spécifié est introuvable.', None, 2) — retry dans 3.0s
2026-05-24 23:59:21 | INFO     | serial_manager       | Connexion sur COM3 @ 115200...
2026-05-24 23:59:21 | WARNING  | serial_manager       | Connexion échouée : could not open port 'COM3': FileNotFoundError(2, 'Le fichier spécifié est introuvable.', None, 2) — retry dans 3.0s
2026-05-24 23:59:24 | INFO     | serial_manager       | Connexion sur COM3 @ 115200...
2026-05-24 23:59:24 | WARNING  | serial_manager       | Connexion échouée : could not open port 'COM3': FileNotFoundError(2, 'Le fichier spécifié est introuvable.', None, 2) — retry dans 3.0s
2026-05-24 23:59:27 | INFO     | serial_manager       | Connexion sur COM3 @ 115200...
2026-05-24 23:59:27 | WARNING  | serial_manager       | Connexion échouée : could not open port 'COM3': FileNotFoundError(2, 'Le fichier spécifié est introuvable.', None, 2) — retry dans 3.0s
2026-05-24 23:59:30 | INFO     | serial_manager       | Connexion sur COM3 @ 115200...
2026-05-24 23:59:30 | WARNING  | serial_manager       | Connexion échouée : could not open port 'COM3': FileNotFoundError(2, 'Le fichier spécifié est introuvable.', None, 2) — retry dans 3.0s
2026-05-24 23:59:33 | INFO     | serial_manager       | Connexion sur COM3 @ 115200...
2026-05-24 23:59:33 | WARNING  | serial_manager       | Connexion échouée : could not open port 'COM3': FileNotFoundError(2, 'Le fichier spécifié est introuvable.', None, 2) — retry dans 3.0s
2026-05-24 23:59:36 | INFO     | serial_manager       | Connexion sur COM3 @ 115200...
2026-05-24 23:59:36 | WARNING  | serial_manager       | Connexion échouée : could not open port 'COM3': FileNotFoundError(2, 'Le fichier spécifié est introuvable.', None, 2) — retry dans 3.0s
2026-05-24 23:59:39 | INFO     | serial_manager       | Connexion sur COM3 @ 115200...
2026-05-24 23:59:39 | WARNING  | serial_manager       | Connexion échouée : could not open port 'COM3': FileNotFoundError(2, 'Le fichier spécifié est introuvable.', None, 2) — retry dans 3.0s
2026-05-24 23:59:42 | INFO     | serial_manager       | Connexion sur COM3 @ 115200...
2026-05-24 23:59:42 | WARNING  | serial_manager       | Connexion échouée : could not open port 'COM3': FileNotFoundError(2, 'Le fichier spécifié est introuvable.', None, 2) — retry dans 3.0s
2026-05-25 00:09:18 | ERROR    | audio_manager        | Initialisation volume master : 'AudioDevice' object has no attribute 'Activate'
2026-05-25 00:09:18 | INFO     | audio_manager        | Microphone initialisé
2026-05-25 00:09:18 | INFO     | agent                | ============================================================
2026-05-25 00:09:18 | INFO     | agent                | Kore Deck — Agent PC v2.0
2026-05-25 00:09:18 | INFO     | agent                | Port : COM3 | WS : ws://localhost:8765
2026-05-25 00:09:18 | INFO     | agent                | ============================================================
2026-05-25 00:09:18 | INFO     | serial_manager       | Connexion sur COM3 @ 115200...
2026-05-25 00:09:18 | INFO     | serial_manager       | Threads série démarrés
2026-05-25 00:09:18 | WARNING  | serial_manager       | Connexion échouée : could not open port 'COM3': FileNotFoundError(2, 'Le fichier spécifié est introuvable.', None, 2) — retry dans 3.0s
2026-05-25 00:09:18 | INFO     | system_monitor       | HWiNFO non disponible — FPS désactivé
2026-05-25 00:09:21 | INFO     | serial_manager       | Connexion sur COM3 @ 115200...
2026-05-25 00:09:21 | WARNING  | serial_manager       | Connexion échouée : could not open port 'COM3': FileNotFoundError(2, 'Le fichier spécifié est introuvable.', None, 2) — retry dans 3.0s
2026-05-25 00:09:24 | INFO     | serial_manager       | Connexion sur COM3 @ 115200...
2026-05-25 00:09:24 | WARNING  | serial_manager       | Connexion échouée : could not open port 'COM3': FileNotFoundError(2, 'Le fichier spécifié est introuvable.', None, 2) — retry dans 3.0s
2026-05-25 00:09:27 | INFO     | serial_manager       | Connexion sur COM3 @ 115200...
2026-05-25 00:09:27 | WARNING  | serial_manager       | Connexion échouée : could not open port 'COM3': FileNotFoundError(2, 'Le fichier spécifié est introuvable.', None, 2) — retry dans 3.0s
2026-05-25 00:09:30 | INFO     | serial_manager       | Connexion sur COM3 @ 115200...
2026-05-25 00:09:30 | WARNING  | serial_manager       | Connexion échouée : could not open port 'COM3': FileNotFoundError(2, 'Le fichier spécifié est introuvable.', None, 2) — retry dans 3.0s
2026-05-25 00:09:33 | INFO     | serial_manager       | Connexion sur COM3 @ 115200...
2026-05-25 00:09:33 | WARNING  | serial_manager       | Connexion échouée : could not open port 'COM3': FileNotFoundError(2, 'Le fichier spécifié est introuvable.', None, 2) — retry dans 3.0s
2026-05-25 00:09:36 | INFO     | serial_manager       | Connexion sur COM3 @ 115200...
2026-05-25 00:09:36 | WARNING  | serial_manager       | Connexion échouée : could not open port 'COM3': FileNotFoundError(2, 'Le fichier spécifié est introuvable.', None, 2) — retry dans 3.0s
2026-05-25 00:09:39 | INFO     | serial_manager       | Connexion sur COM3 @ 115200...
2026-05-25 00:09:39 | WARNING  | serial_manager       | Connexion échouée : could not open port 'COM3': FileNotFoundError(2, 'Le fichier spécifié est introuvable.', None, 2) — retry dans 3.0s
2026-05-25 00:09:42 | INFO     | serial_manager       | Connexion sur COM3 @ 115200...
2026-05-25 00:09:42 | WARNING  | serial_manager       | Connexion échouée : could not open port 'COM3': FileNotFoundError(2, 'Le fichier spécifié est introuvable.', None, 2) — retry dans 3.0s
2026-05-25 00:09:45 | INFO     | serial_manager       | Connexion sur COM3 @ 115200...
2026-05-25 00:09:45 | WARNING  | serial_manager       | Connexion échouée : could not open port 'COM3': FileNotFoundError(2, 'Le fichier spécifié est introuvable.', None, 2) — retry dans 3.0s
2026-05-25 00:09:48 | INFO     | serial_manager       | Connexion sur COM3 @ 115200...
2026-05-25 00:09:48 | WARNING  | serial_manager       | Connexion échouée : could not open port 'COM3': FileNotFoundError(2, 'Le fichier spécifié est introuvable.', None, 2) — retry dans 3.0s
2026-05-25 00:09:51 | INFO     | serial_manager       | Connexion sur COM3 @ 115200...
2026-05-25 00:09:51 | WARNING  | serial_manager       | Connexion échouée : could not open port 'COM3': FileNotFoundError(2, 'Le fichier spécifié est introuvable.', None, 2) — retry dans 3.0s
2026-05-25 00:09:54 | INFO     | serial_manager       | Connexion sur COM3 @ 115200...
2026-05-25 00:09:54 | WARNING  | serial_manager       | Connexion échouée : could not open port 'COM3': FileNotFoundError(2, 'Le fichier spécifié est introuvable.', None, 2) — retry dans 3.0s
2026-05-25 00:09:57 | INFO     | serial_manager       | Connexion sur COM3 @ 115200...
2026-05-25 00:09:57 | WARNING  | serial_manager       | Connexion échouée : could not open port 'COM3': FileNotFoundError(2, 'Le fichier spécifié est introuvable.', None, 2) — retry dans 3.0s
2026-05-25 00:10:00 | INFO     | serial_manager       | Connexion sur COM3 @ 115200...
2026-05-25 00:10:00 | WARNING  | serial_manager       | Connexion échouée : could not open port 'COM3': FileNotFoundError(2, 'Le fichier spécifié est introuvable.', None, 2) — retry dans 3.0s
2026-05-25 00:10:03 | INFO     | serial_manager       | Connexion sur COM3 @ 115200...
2026-05-25 00:10:03 | WARNING  | serial_manager       | Connexion échouée : could not open port 'COM3': FileNotFoundError(2, 'Le fichier spécifié est introuvable.', None, 2) — retry dans 3.0s
2026-05-25 00:10:06 | INFO     | serial_manager       | Connexion sur COM3 @ 115200...
2026-05-25 00:10:06 | WARNING  | serial_manager       | Connexion échouée : could not open port 'COM3': FileNotFoundError(2, 'Le fichier spécifié est introuvable.', None, 2) — retry dans 3.0s
2026-05-25 00:10:09 | INFO     | serial_manager       | Connexion sur COM3 @ 115200...
2026-05-25 00:10:09 | WARNING  | serial_manager       | Connexion échouée : could not open port 'COM3': FileNotFoundError(2, 'Le fichier spécifié est introuvable.', None, 2) — retry dans 3.0s
2026-05-25 00:10:12 | INFO     | serial_manager       | Connexion sur COM3 @ 115200...
2026-05-25 00:10:12 | WARNING  | serial_manager       | Connexion échouée : could not open port 'COM3': FileNotFoundError(2, 'Le fichier spécifié est introuvable.', None, 2) — retry dans 3.0s
2026-05-25 00:10:15 | INFO     | serial_manager       | Connexion sur COM3 @ 115200...
2026-05-25 00:10:15 | WARNING  | serial_manager       | Connexion échouée : could not open port 'COM3': FileNotFoundError(2, 'Le fichier spécifié est introuvable.', None, 2) — retry dans 3.0s
2026-05-25 00:10:18 | INFO     | serial_manager       | Connexion sur COM3 @ 115200...
2026-05-25 00:10:18 | WARNING  | serial_manager       | Connexion échouée : could not open port 'COM3': FileNotFoundError(2, 'Le fichier spécifié est introuvable.', None, 2) — retry dans 3.0s
2026-05-25 00:10:21 | INFO     | serial_manager       | Connexion sur COM3 @ 115200...
2026-05-25 00:10:21 | WARNING  | serial_manager       | Connexion échouée : could not open port 'COM3': FileNotFoundError(2, 'Le fichier spécifié est introuvable.', None, 2) — retry dans 3.0s
2026-05-25 00:10:24 | INFO     | serial_manager       | Connexion sur COM3 @ 115200...
2026-05-25 00:10:24 | WARNING  | serial_manager       | Connexion échouée : could not open port 'COM3': FileNotFoundError(2, 'Le fichier spécifié est introuvable.', None, 2) — retry dans 3.0s
2026-05-25 00:13:12 | ERROR    | audio_manager        | Initialisation volume master : 'AudioDevice' object has no attribute 'Activate'
2026-05-25 00:13:12 | INFO     | audio_manager        | Microphone initialisé
2026-05-25 00:13:12 | INFO     | agent                | ============================================================
2026-05-25 00:13:12 | INFO     | agent                | Kore Deck — Agent PC v2.0
2026-05-25 00:13:12 | INFO     | agent                | Port : COM3 | WS : ws://localhost:8765
2026-05-25 00:13:12 | INFO     | agent                | ============================================================
2026-05-25 00:13:12 | INFO     | serial_manager       | Connexion sur COM3 @ 115200...
2026-05-25 00:13:12 | INFO     | serial_manager       | Threads série démarrés
2026-05-25 00:13:12 | WARNING  | serial_manager       | Connexion échouée : could not open port 'COM3': FileNotFoundError(2, 'Le fichier spécifié est introuvable.', None, 2) — retry dans 3.0s
2026-05-25 00:13:12 | INFO     | system_monitor       | HWiNFO non disponible — FPS désactivé
2026-05-25 00:13:15 | INFO     | serial_manager       | Connexion sur COM3 @ 115200...
2026-05-25 00:13:15 | WARNING  | serial_manager       | Connexion échouée : could not open port 'COM3': FileNotFoundError(2, 'Le fichier spécifié est introuvable.', None, 2) — retry dans 3.0s
2026-05-25 00:13:18 | INFO     | serial_manager       | Connexion sur COM3 @ 115200...
2026-05-25 00:13:18 | WARNING  | serial_manager       | Connexion échouée : could not open port 'COM3': FileNotFoundError(2, 'Le fichier spécifié est introuvable.', None, 2) — retry dans 3.0s
2026-05-25 00:13:21 | INFO     | serial_manager       | Connexion sur COM3 @ 115200...
2026-05-25 00:13:21 | WARNING  | serial_manager       | Connexion échouée : could not open port 'COM3': FileNotFoundError(2, 'Le fichier spécifié est introuvable.', None, 2) — retry dans 3.0s
2026-05-25 00:13:24 | INFO     | serial_manager       | Connexion sur COM3 @ 115200...
2026-05-25 00:13:24 | WARNING  | serial_manager       | Connexion échouée : could not open port 'COM3': FileNotFoundError(2, 'Le fichier spécifié est introuvable.', None, 2) — retry dans 3.0s
2026-05-25 00:13:27 | INFO     | serial_manager       | Connexion sur COM3 @ 115200...
2026-05-25 00:13:27 | WARNING  | serial_manager       | Connexion échouée : could not open port 'COM3': FileNotFoundError(2, 'Le fichier spécifié est introuvable.', None, 2) — retry dans 3.0s
2026-05-25 00:13:30 | INFO     | serial_manager       | Connexion sur COM3 @ 115200...
2026-05-25 00:13:30 | WARNING  | serial_manager       | Connexion échouée : could not open port 'COM3': FileNotFoundError(2, 'Le fichier spécifié est introuvable.', None, 2) — retry dans 3.0s
2026-05-25 00:13:33 | INFO     | serial_manager       | Connexion sur COM3 @ 115200...
2026-05-25 00:13:33 | WARNING  | serial_manager       | Connexion échouée : could not open port 'COM3': FileNotFoundError(2, 'Le fichier spécifié est introuvable.', None, 2) — retry dans 3.0s
2026-05-25 00:13:36 | INFO     | serial_manager       | Connexion sur COM3 @ 115200...
2026-05-25 00:13:36 | WARNING  | serial_manager       | Connexion échouée : could not open port 'COM3': FileNotFoundError(2, 'Le fichier spécifié est introuvable.', None, 2) — retry dans 3.0s
2026-05-25 00:13:39 | INFO     | serial_manager       | Connexion sur COM3 @ 115200...
2026-05-25 00:13:39 | WARNING  | serial_manager       | Connexion échouée : could not open port 'COM3': FileNotFoundError(2, 'Le fichier spécifié est introuvable.', None, 2) — retry dans 3.0s
2026-05-25 00:13:42 | INFO     | serial_manager       | Connexion sur COM3 @ 115200...
2026-05-25 00:13:42 | WARNING  | serial_manager       | Connexion échouée : could not open port 'COM3': FileNotFoundError(2, 'Le fichier spécifié est introuvable.', None, 2) — retry dans 3.0s
2026-05-25 00:13:45 | INFO     | serial_manager       | Connexion sur COM3 @ 115200...
2026-05-25 00:13:45 | WARNING  | serial_manager       | Connexion échouée : could not open port 'COM3': FileNotFoundError(2, 'Le fichier spécifié est introuvable.', None, 2) — retry dans 3.0s
2026-05-25 00:13:48 | INFO     | serial_manager       | Connexion sur COM3 @ 115200...
2026-05-25 00:13:48 | WARNING  | serial_manager       | Connexion échouée : could not open port 'COM3': FileNotFoundError(2, 'Le fichier spécifié est introuvable.', None, 2) — retry dans 3.0s
2026-05-25 00:13:51 | INFO     | serial_manager       | Connexion sur COM3 @ 115200...
2026-05-25 00:13:51 | WARNING  | serial_manager       | Connexion échouée : could not open port 'COM3': FileNotFoundError(2, 'Le fichier spécifié est introuvable.', None, 2) — retry dans 3.0s
2026-05-25 00:13:54 | INFO     | serial_manager       | Connexion sur COM3 @ 115200...
2026-05-25 00:13:54 | WARNING  | serial_manager       | Connexion échouée : could not open port 'COM3': FileNotFoundError(2, 'Le fichier spécifié est introuvable.', None, 2) — retry dans 3.0s
2026-05-25 00:13:57 | INFO     | serial_manager       | Connexion sur COM3 @ 115200...
2026-05-25 00:13:57 | WARNING  | serial_manager       | Connexion échouée : could not open port 'COM3': FileNotFoundError(2, 'Le fichier spécifié est introuvable.', None, 2) — retry dans 3.0s
2026-05-25 00:14:00 | INFO     | serial_manager       | Connexion sur COM3 @ 115200...
2026-05-25 00:14:00 | WARNING  | serial_manager       | Connexion échouée : could not open port 'COM3': FileNotFoundError(2, 'Le fichier spécifié est introuvable.', None, 2) — retry dans 3.0s
2026-05-25 00:14:03 | INFO     | serial_manager       | Connexion sur COM3 @ 115200...
2026-05-25 00:14:03 | WARNING  | serial_manager       | Connexion échouée : could not open port 'COM3': FileNotFoundError(2, 'Le fichier spécifié est introuvable.', None, 2) — retry dans 3.0s
2026-05-25 00:14:06 | INFO     | serial_manager       | Connexion sur COM3 @ 115200...
2026-05-25 00:14:06 | WARNING  | serial_manager       | Connexion échouée : could not open port 'COM3': FileNotFoundError(2, 'Le fichier spécifié est introuvable.', None, 2) — retry dans 3.0s
2026-05-25 00:14:09 | INFO     | serial_manager       | Connexion sur COM3 @ 115200...
2026-05-25 00:14:09 | WARNING  | serial_manager       | Connexion échouée : could not open port 'COM3': FileNotFoundError(2, 'Le fichier spécifié est introuvable.', None, 2) — retry dans 3.0s
2026-05-25 00:14:12 | INFO     | serial_manager       | Connexion sur COM3 @ 115200...
2026-05-25 00:14:12 | WARNING  | serial_manager       | Connexion échouée : could not open port 'COM3': FileNotFoundError(2, 'Le fichier spécifié est introuvable.', None, 2) — retry dans 3.0s
2026-05-25 00:14:15 | INFO     | serial_manager       | Connexion sur COM3 @ 115200...
2026-05-25 00:14:15 | WARNING  | serial_manager       | Connexion échouée : could not open port 'COM3': FileNotFoundError(2, 'Le fichier spécifié est introuvable.', None, 2) — retry dans 3.0s
2026-05-25 00:14:18 | INFO     | serial_manager       | Connexion sur COM3 @ 115200...
2026-05-25 00:14:18 | WARNING  | serial_manager       | Connexion échouée : could not open port 'COM3': FileNotFoundError(2, 'Le fichier spécifié est introuvable.', None, 2) — retry dans 3.0s
2026-05-25 00:14:21 | INFO     | serial_manager       | Connexion sur COM3 @ 115200...
2026-05-25 00:14:21 | WARNING  | serial_manager       | Connexion échouée : could not open port 'COM3': FileNotFoundError(2, 'Le fichier spécifié est introuvable.', None, 2) — retry dans 3.0s
2026-05-25 00:14:24 | INFO     | serial_manager       | Connexion sur COM3 @ 115200...
2026-05-25 00:14:24 | WARNING  | serial_manager       | Connexion échouée : could not open port 'COM3': FileNotFoundError(2, 'Le fichier spécifié est introuvable.', None, 2) — retry dans 3.0s
2026-05-25 00:14:27 | INFO     | serial_manager       | Connexion sur COM3 @ 115200...
2026-05-25 00:14:27 | WARNING  | serial_manager       | Connexion échouée : could not open port 'COM3': FileNotFoundError(2, 'Le fichier spécifié est introuvable.', None, 2) — retry dans 3.0s
2026-05-25 00:14:30 | INFO     | serial_manager       | Connexion sur COM3 @ 115200...
2026-05-25 00:14:30 | WARNING  | serial_manager       | Connexion échouée : could not open port 'COM3': FileNotFoundError(2, 'Le fichier spécifié est introuvable.', None, 2) — retry dans 3.0s
2026-05-25 00:14:33 | INFO     | serial_manager       | Connexion sur COM3 @ 115200...
2026-05-25 00:14:33 | WARNING  | serial_manager       | Connexion échouée : could not open port 'COM3': FileNotFoundError(2, 'Le fichier spécifié est introuvable.', None, 2) — retry dans 3.0s
2026-05-25 00:14:36 | INFO     | serial_manager       | Connexion sur COM3 @ 115200...
2026-05-25 00:14:36 | WARNING  | serial_manager       | Connexion échouée : could not open port 'COM3': FileNotFoundError(2, 'Le fichier spécifié est introuvable.', None, 2) — retry dans 3.0s
2026-05-25 00:14:39 | INFO     | serial_manager       | Connexion sur COM3 @ 115200...
2026-05-25 00:14:39 | WARNING  | serial_manager       | Connexion échouée : could not open port 'COM3': FileNotFoundError(2, 'Le fichier spécifié est introuvable.', None, 2) — retry dans 3.0s
2026-05-25 00:14:42 | INFO     | serial_manager       | Connexion sur COM3 @ 115200...
2026-05-25 00:14:42 | WARNING  | serial_manager       | Connexion échouée : could not open port 'COM3': FileNotFoundError(2, 'Le fichier spécifié est introuvable.', None, 2) — retry dans 3.0s
2026-05-25 00:14:45 | INFO     | serial_manager       | Connexion sur COM3 @ 115200...
2026-05-25 00:14:45 | WARNING  | serial_manager       | Connexion échouée : could not open port 'COM3': FileNotFoundError(2, 'Le fichier spécifié est introuvable.', None, 2) — retry dans 3.0s
2026-05-25 00:14:48 | INFO     | serial_manager       | Connexion sur COM3 @ 115200...
2026-05-25 00:14:48 | WARNING  | serial_manager       | Connexion échouée : could not open port 'COM3': FileNotFoundError(2, 'Le fichier spécifié est introuvable.', None, 2) — retry dans 3.0s
2026-05-25 00:14:51 | INFO     | serial_manager       | Connexion sur COM3 @ 115200...
2026-05-25 00:14:51 | WARNING  | serial_manager       | Connexion échouée : could not open port 'COM3': FileNotFoundError(2, 'Le fichier spécifié est introuvable.', None, 2) — retry dans 3.0s
2026-05-25 00:14:54 | INFO     | serial_manager       | Connexion sur COM3 @ 115200...
2026-05-25 00:14:54 | WARNING  | serial_manager       | Connexion échouée : could not open port 'COM3': FileNotFoundError(2, 'Le fichier spécifié est introuvable.', None, 2) — retry dans 3.0s
2026-05-25 00:14:57 | INFO     | serial_manager       | Connexion sur COM3 @ 115200...
2026-05-25 00:14:57 | WARNING  | serial_manager       | Connexion échouée : could not open port 'COM3': FileNotFoundError(2, 'Le fichier spécifié est introuvable.', None, 2) — retry dans 3.0s
2026-05-25 00:15:01 | INFO     | serial_manager       | Connexion sur COM3 @ 115200...
2026-05-25 00:15:01 | WARNING  | serial_manager       | Connexion échouée : could not open port 'COM3': FileNotFoundError(2, 'Le fichier spécifié est introuvable.', None, 2) — retry dans 3.0s
2026-05-25 00:15:04 | INFO     | serial_manager       | Connexion sur COM3 @ 115200...
2026-05-25 00:15:04 | WARNING  | serial_manager       | Connexion échouée : could not open port 'COM3': FileNotFoundError(2, 'Le fichier spécifié est introuvable.', None, 2) — retry dans 3.0s
2026-05-25 00:15:07 | INFO     | serial_manager       | Connexion sur COM3 @ 115200...
2026-05-25 00:15:07 | WARNING  | serial_manager       | Connexion échouée : could not open port 'COM3': FileNotFoundError(2, 'Le fichier spécifié est introuvable.', None, 2) — retry dans 3.0s
2026-05-25 00:15:10 | INFO     | serial_manager       | Connexion sur COM3 @ 115200...
2026-05-25 00:15:10 | WARNING  | serial_manager       | Connexion échouée : could not open port 'COM3': FileNotFoundError(2, 'Le fichier spécifié est introuvable.', None, 2) — retry dans 3.0s
2026-05-25 00:15:13 | INFO     | serial_manager       | Connexion sur COM3 @ 115200...
2026-05-25 00:15:13 | WARNING  | serial_manager       | Connexion échouée : could not open port 'COM3': FileNotFoundError(2, 'Le fichier spécifié est introuvable.', None, 2) — retry dans 3.0s
2026-05-25 00:15:16 | INFO     | serial_manager       | Connexion sur COM3 @ 115200...
2026-05-25 00:15:16 | WARNING  | serial_manager       | Connexion échouée : could not open port 'COM3': FileNotFoundError(2, 'Le fichier spécifié est introuvable.', None, 2) — retry dans 3.0s
2026-05-25 00:15:19 | INFO     | serial_manager       | Connexion sur COM3 @ 115200...
2026-05-25 00:15:19 | WARNING  | serial_manager       | Connexion échouée : could not open port 'COM3': FileNotFoundError(2, 'Le fichier spécifié est introuvable.', None, 2) — retry dans 3.0s
2026-05-25 00:15:22 | INFO     | serial_manager       | Connexion sur COM3 @ 115200...
2026-05-25 00:15:22 | WARNING  | serial_manager       | Connexion échouée : could not open port 'COM3': FileNotFoundError(2, 'Le fichier spécifié est introuvable.', None, 2) — retry dans 3.0s
2026-05-25 00:15:25 | INFO     | serial_manager       | Connexion sur COM3 @ 115200...
2026-05-25 00:15:25 | WARNING  | serial_manager       | Connexion échouée : could not open port 'COM3': FileNotFoundError(2, 'Le fichier spécifié est introuvable.', None, 2) — retry dans 3.0s
2026-05-25 00:15:28 | INFO     | serial_manager       | Connexion sur COM3 @ 115200...
2026-05-25 00:15:28 | WARNING  | serial_manager       | Connexion échouée : could not open port 'COM3': FileNotFoundError(2, 'Le fichier spécifié est introuvable.', None, 2) — retry dans 3.0s
2026-05-25 00:15:31 | INFO     | serial_manager       | Connexion sur COM3 @ 115200...
2026-05-25 00:15:31 | WARNING  | serial_manager       | Connexion échouée : could not open port 'COM3': FileNotFoundError(2, 'Le fichier spécifié est introuvable.', None, 2) — retry dans 3.0s
2026-05-25 00:15:34 | INFO     | serial_manager       | Connexion sur COM3 @ 115200...
2026-05-25 00:15:34 | WARNING  | serial_manager       | Connexion échouée : could not open port 'COM3': FileNotFoundError(2, 'Le fichier spécifié est introuvable.', None, 2) — retry dans 3.0s
2026-05-25 00:15:37 | INFO     | serial_manager       | Connexion sur COM3 @ 115200...
2026-05-25 00:15:37 | WARNING  | serial_manager       | Connexion échouée : could not open port 'COM3': FileNotFoundError(2, 'Le fichier spécifié est introuvable.', None, 2) — retry dans 3.0s
2026-05-25 00:15:40 | INFO     | serial_manager       | Connexion sur COM3 @ 115200...
2026-05-25 00:15:40 | WARNING  | serial_manager       | Connexion échouée : could not open port 'COM3': FileNotFoundError(2, 'Le fichier spécifié est introuvable.', None, 2) — retry dans 3.0s
2026-05-25 00:15:43 | INFO     | serial_manager       | Connexion sur COM3 @ 115200...
2026-05-25 00:15:43 | WARNING  | serial_manager       | Connexion échouée : could not open port 'COM3': FileNotFoundError(2, 'Le fichier spécifié est introuvable.', None, 2) — retry dans 3.0s
2026-05-25 00:15:46 | INFO     | serial_manager       | Connexion sur COM3 @ 115200...
2026-05-25 00:15:46 | WARNING  | serial_manager       | Connexion échouée : could not open port 'COM3': FileNotFoundError(2, 'Le fichier spécifié est introuvable.', None, 2) — retry dans 3.0s
2026-05-25 00:15:49 | INFO     | serial_manager       | Connexion sur COM3 @ 115200...
2026-05-25 00:15:49 | WARNING  | serial_manager       | Connexion échouée : could not open port 'COM3': FileNotFoundError(2, 'Le fichier spécifié est introuvable.', None, 2) — retry dans 3.0s
2026-05-25 00:15:52 | INFO     | serial_manager       | Connexion sur COM3 @ 115200...
2026-05-25 00:15:52 | WARNING  | serial_manager       | Connexion échouée : could not open port 'COM3': FileNotFoundError(2, 'Le fichier spécifié est introuvable.', None, 2) — retry dans 3.0s
2026-05-25 00:15:55 | INFO     | serial_manager       | Connexion sur COM3 @ 115200...
2026-05-25 00:15:55 | WARNING  | serial_manager       | Connexion échouée : could not open port 'COM3': FileNotFoundError(2, 'Le fichier spécifié est introuvable.', None, 2) — retry dans 3.0s
2026-05-25 00:15:58 | INFO     | serial_manager       | Connexion sur COM3 @ 115200...
2026-05-25 00:15:58 | WARNING  | serial_manager       | Connexion échouée : could not open port 'COM3': FileNotFoundError(2, 'Le fichier spécifié est introuvable.', None, 2) — retry dans 3.0s
2026-05-25 00:24:12 | ERROR    | audio_manager        | Initialisation volume master : 'AudioDevice' object has no attribute 'Activate'
2026-05-25 00:24:12 | INFO     | audio_manager        | Microphone initialisé
2026-05-25 00:24:12 | INFO     | agent                | ============================================================
2026-05-25 00:24:12 | INFO     | agent                | Kore Deck — Agent PC v2.0
2026-05-25 00:24:12 | INFO     | agent                | Port : COM3 | WS : ws://localhost:8765
2026-05-25 00:24:12 | INFO     | agent                | ============================================================
2026-05-25 00:24:12 | INFO     | serial_manager       | Connexion sur COM3 @ 115200...
2026-05-25 00:24:12 | INFO     | serial_manager       | Threads série démarrés
2026-05-25 00:24:12 | WARNING  | serial_manager       | Connexion échouée : could not open port 'COM3': FileNotFoundError(2, 'Le fichier spécifié est introuvable.', None, 2) — retry dans 3.0s
2026-05-25 00:24:12 | INFO     | system_monitor       | HWiNFO non disponible — FPS désactivé
2026-05-25 00:24:15 | INFO     | serial_manager       | Connexion sur COM3 @ 115200...
2026-05-25 00:24:15 | WARNING  | serial_manager       | Connexion échouée : could not open port 'COM3': FileNotFoundError(2, 'Le fichier spécifié est introuvable.', None, 2) — retry dans 3.0s
2026-05-25 00:24:18 | INFO     | serial_manager       | Connexion sur COM3 @ 115200...
2026-05-25 00:24:18 | WARNING  | serial_manager       | Connexion échouée : could not open port 'COM3': FileNotFoundError(2, 'Le fichier spécifié est introuvable.', None, 2) — retry dans 3.0s
2026-05-25 00:24:21 | INFO     | serial_manager       | Connexion sur COM3 @ 115200...
2026-05-25 00:24:21 | WARNING  | serial_manager       | Connexion échouée : could not open port 'COM3': FileNotFoundError(2, 'Le fichier spécifié est introuvable.', None, 2) — retry dans 3.0s
2026-05-25 00:24:24 | INFO     | serial_manager       | Connexion sur COM3 @ 115200...
2026-05-25 00:24:24 | WARNING  | serial_manager       | Connexion échouée : could not open port 'COM3': FileNotFoundError(2, 'Le fichier spécifié est introuvable.', None, 2) — retry dans 3.0s
2026-05-25 00:24:27 | INFO     | serial_manager       | Connexion sur COM3 @ 115200...
2026-05-25 00:24:27 | WARNING  | serial_manager       | Connexion échouée : could not open port 'COM3': FileNotFoundError(2, 'Le fichier spécifié est introuvable.', None, 2) — retry dans 3.0s
2026-05-25 00:24:30 | INFO     | serial_manager       | Connexion sur COM3 @ 115200...
2026-05-25 00:24:30 | WARNING  | serial_manager       | Connexion échouée : could not open port 'COM3': FileNotFoundError(2, 'Le fichier spécifié est introuvable.', None, 2) — retry dans 3.0s
2026-05-25 00:24:33 | INFO     | serial_manager       | Connexion sur COM3 @ 115200...
2026-05-25 00:24:33 | WARNING  | serial_manager       | Connexion échouée : could not open port 'COM3': FileNotFoundError(2, 'Le fichier spécifié est introuvable.', None, 2) — retry dans 3.0s
2026-05-25 00:24:36 | INFO     | serial_manager       | Connexion sur COM3 @ 115200...
2026-05-25 00:24:36 | WARNING  | serial_manager       | Connexion échouée : could not open port 'COM3': FileNotFoundError(2, 'Le fichier spécifié est introuvable.', None, 2) — retry dans 3.0s
2026-05-25 00:24:39 | INFO     | serial_manager       | Connexion sur COM3 @ 115200...
2026-05-25 00:24:39 | WARNING  | serial_manager       | Connexion échouée : could not open port 'COM3': FileNotFoundError(2, 'Le fichier spécifié est introuvable.', None, 2) — retry dans 3.0s
2026-05-25 00:24:42 | INFO     | serial_manager       | Connexion sur COM3 @ 115200...
2026-05-25 00:24:42 | WARNING  | serial_manager       | Connexion échouée : could not open port 'COM3': FileNotFoundError(2, 'Le fichier spécifié est introuvable.', None, 2) — retry dans 3.0s
2026-05-25 00:24:46 | INFO     | serial_manager       | Connexion sur COM3 @ 115200...
2026-05-25 00:24:46 | WARNING  | serial_manager       | Connexion échouée : could not open port 'COM3': FileNotFoundError(2, 'Le fichier spécifié est introuvable.', None, 2) — retry dans 3.0s
2026-05-25 00:24:49 | INFO     | serial_manager       | Connexion sur COM3 @ 115200...
2026-05-25 00:24:49 | WARNING  | serial_manager       | Connexion échouée : could not open port 'COM3': FileNotFoundError(2, 'Le fichier spécifié est introuvable.', None, 2) — retry dans 3.0s
2026-05-25 00:24:52 | INFO     | serial_manager       | Connexion sur COM3 @ 115200...
2026-05-25 00:24:52 | WARNING  | serial_manager       | Connexion échouée : could not open port 'COM3': FileNotFoundError(2, 'Le fichier spécifié est introuvable.', None, 2) — retry dans 3.0s
2026-05-25 00:24:55 | INFO     | serial_manager       | Connexion sur COM3 @ 115200...
2026-05-25 00:24:55 | WARNING  | serial_manager       | Connexion échouée : could not open port 'COM3': FileNotFoundError(2, 'Le fichier spécifié est introuvable.', None, 2) — retry dans 3.0s
2026-05-25 00:24:58 | INFO     | serial_manager       | Connexion sur COM3 @ 115200...
2026-05-25 00:24:58 | WARNING  | serial_manager       | Connexion échouée : could not open port 'COM3': FileNotFoundError(2, 'Le fichier spécifié est introuvable.', None, 2) — retry dans 3.0s
2026-05-25 00:25:01 | INFO     | serial_manager       | Connexion sur COM3 @ 115200...
2026-05-25 00:25:01 | WARNING  | serial_manager       | Connexion échouée : could not open port 'COM3': FileNotFoundError(2, 'Le fichier spécifié est introuvable.', None, 2) — retry dans 3.0s
2026-05-25 00:25:04 | INFO     | serial_manager       | Connexion sur COM3 @ 115200...
2026-05-25 00:25:04 | WARNING  | serial_manager       | Connexion échouée : could not open port 'COM3': FileNotFoundError(2, 'Le fichier spécifié est introuvable.', None, 2) — retry dans 3.0s
2026-05-25 00:25:07 | INFO     | serial_manager       | Connexion sur COM3 @ 115200...
2026-05-25 00:25:07 | WARNING  | serial_manager       | Connexion échouée : could not open port 'COM3': FileNotFoundError(2, 'Le fichier spécifié est introuvable.', None, 2) — retry dans 3.0s
2026-05-25 00:25:10 | INFO     | serial_manager       | Connexion sur COM3 @ 115200...
2026-05-25 00:25:10 | WARNING  | serial_manager       | Connexion échouée : could not open port 'COM3': FileNotFoundError(2, 'Le fichier spécifié est introuvable.', None, 2) — retry dans 3.0s
2026-05-25 00:25:13 | INFO     | serial_manager       | Connexion sur COM3 @ 115200...
2026-05-25 00:25:13 | WARNING  | serial_manager       | Connexion échouée : could not open port 'COM3': FileNotFoundError(2, 'Le fichier spécifié est introuvable.', None, 2) — retry dans 3.0s
2026-05-25 00:25:16 | INFO     | serial_manager       | Connexion sur COM3 @ 115200...
2026-05-25 00:25:16 | WARNING  | serial_manager       | Connexion échouée : could not open port 'COM3': FileNotFoundError(2, 'Le fichier spécifié est introuvable.', None, 2) — retry dans 3.0s
2026-05-25 00:25:19 | INFO     | serial_manager       | Connexion sur COM3 @ 115200...
2026-05-25 00:25:19 | WARNING  | serial_manager       | Connexion échouée : could not open port 'COM3': FileNotFoundError(2, 'Le fichier spécifié est introuvable.', None, 2) — retry dans 3.0s
2026-05-25 00:25:22 | INFO     | serial_manager       | Connexion sur COM3 @ 115200...
2026-05-25 00:25:22 | WARNING  | serial_manager       | Connexion échouée : could not open port 'COM3': FileNotFoundError(2, 'Le fichier spécifié est introuvable.', None, 2) — retry dans 3.0s
2026-05-25 00:25:25 | INFO     | serial_manager       | Connexion sur COM3 @ 115200...
2026-05-25 00:25:25 | WARNING  | serial_manager       | Connexion échouée : could not open port 'COM3': FileNotFoundError(2, 'Le fichier spécifié est introuvable.', None, 2) — retry dans 3.0s
2026-05-25 00:25:28 | INFO     | serial_manager       | Connexion sur COM3 @ 115200...
2026-05-25 00:25:28 | WARNING  | serial_manager       | Connexion échouée : could not open port 'COM3': FileNotFoundError(2, 'Le fichier spécifié est introuvable.', None, 2) — retry dans 3.0s
2026-05-25 00:25:31 | INFO     | serial_manager       | Connexion sur COM3 @ 115200...
2026-05-25 00:25:31 | WARNING  | serial_manager       | Connexion échouée : could not open port 'COM3': FileNotFoundError(2, 'Le fichier spécifié est introuvable.', None, 2) — retry dans 3.0s
2026-05-25 00:25:34 | INFO     | serial_manager       | Connexion sur COM3 @ 115200...
2026-05-25 00:25:34 | WARNING  | serial_manager       | Connexion échouée : could not open port 'COM3': FileNotFoundError(2, 'Le fichier spécifié est introuvable.', None, 2) — retry dans 3.0s
2026-05-25 00:25:37 | INFO     | serial_manager       | Connexion sur COM3 @ 115200...
2026-05-25 00:25:37 | WARNING  | serial_manager       | Connexion échouée : could not open port 'COM3': FileNotFoundError(2, 'Le fichier spécifié est introuvable.', None, 2) — retry dans 3.0s
2026-05-25 00:25:40 | INFO     | serial_manager       | Connexion sur COM3 @ 115200...
2026-05-25 00:25:40 | WARNING  | serial_manager       | Connexion échouée : could not open port 'COM3': FileNotFoundError(2, 'Le fichier spécifié est introuvable.', None, 2) — retry dans 3.0s
2026-05-25 00:25:43 | INFO     | serial_manager       | Connexion sur COM3 @ 115200...
2026-05-25 00:25:43 | WARNING  | serial_manager       | Connexion échouée : could not open port 'COM3': FileNotFoundError(2, 'Le fichier spécifié est introuvable.', None, 2) — retry dans 3.0s
2026-05-25 00:25:46 | INFO     | serial_manager       | Connexion sur COM3 @ 115200...
2026-05-25 00:25:46 | WARNING  | serial_manager       | Connexion échouée : could not open port 'COM3': FileNotFoundError(2, 'Le fichier spécifié est introuvable.', None, 2) — retry dans 3.0s
2026-05-25 00:25:49 | INFO     | serial_manager       | Connexion sur COM3 @ 115200...
2026-05-25 00:25:49 | WARNING  | serial_manager       | Connexion échouée : could not open port 'COM3': FileNotFoundError(2, 'Le fichier spécifié est introuvable.', None, 2) — retry dans 3.0s
2026-05-25 00:25:52 | INFO     | serial_manager       | Connexion sur COM3 @ 115200...
2026-05-25 00:25:52 | WARNING  | serial_manager       | Connexion échouée : could not open port 'COM3': FileNotFoundError(2, 'Le fichier spécifié est introuvable.', None, 2) — retry dans 3.0s
2026-05-25 00:25:55 | INFO     | serial_manager       | Connexion sur COM3 @ 115200...
2026-05-25 00:25:55 | WARNING  | serial_manager       | Connexion échouée : could not open port 'COM3': FileNotFoundError(2, 'Le fichier spécifié est introuvable.', None, 2) — retry dans 3.0s
2026-05-25 00:25:58 | INFO     | serial_manager       | Connexion sur COM3 @ 115200...
2026-05-25 00:25:58 | WARNING  | serial_manager       | Connexion échouée : could not open port 'COM3': FileNotFoundError(2, 'Le fichier spécifié est introuvable.', None, 2) — retry dans 3.0s
2026-05-25 00:26:01 | INFO     | serial_manager       | Connexion sur COM3 @ 115200...
2026-05-25 00:26:01 | WARNING  | serial_manager       | Connexion échouée : could not open port 'COM3': FileNotFoundError(2, 'Le fichier spécifié est introuvable.', None, 2) — retry dans 3.0s
2026-05-25 00:26:26 | ERROR    | audio_manager        | Initialisation volume master : 'AudioDevice' object has no attribute 'Activate'
2026-05-25 00:26:26 | INFO     | audio_manager        | Microphone initialisé
2026-05-25 00:26:26 | INFO     | agent                | ============================================================
2026-05-25 00:26:26 | INFO     | agent                | Kore Deck — Agent PC v2.0
2026-05-25 00:26:26 | INFO     | agent                | Port : COM3 | WS : ws://localhost:8765
2026-05-25 00:26:26 | INFO     | agent                | ============================================================
2026-05-25 00:26:26 | INFO     | serial_manager       | Connexion sur COM3 @ 115200...
2026-05-25 00:26:26 | WARNING  | serial_manager       | Connexion échouée : could not open port 'COM3': FileNotFoundError(2, 'Le fichier spécifié est introuvable.', None, 2) — retry dans 3.0s
2026-05-25 00:26:26 | INFO     | serial_manager       | Threads série démarrés
2026-05-25 00:26:26 | INFO     | system_monitor       | HWiNFO non disponible — FPS désactivé
2026-05-25 00:26:29 | INFO     | serial_manager       | Connexion sur COM3 @ 115200...
2026-05-25 00:26:29 | WARNING  | serial_manager       | Connexion échouée : could not open port 'COM3': FileNotFoundError(2, 'Le fichier spécifié est introuvable.', None, 2) — retry dans 3.0s
2026-05-25 00:26:32 | INFO     | serial_manager       | Connexion sur COM3 @ 115200...
2026-05-25 00:26:32 | WARNING  | serial_manager       | Connexion échouée : could not open port 'COM3': FileNotFoundError(2, 'Le fichier spécifié est introuvable.', None, 2) — retry dans 3.0s
2026-05-25 00:26:35 | INFO     | serial_manager       | Connexion sur COM3 @ 115200...
2026-05-25 00:26:35 | WARNING  | serial_manager       | Connexion échouée : could not open port 'COM3': FileNotFoundError(2, 'Le fichier spécifié est introuvable.', None, 2) — retry dans 3.0s
2026-05-25 00:26:38 | INFO     | serial_manager       | Connexion sur COM3 @ 115200...
2026-05-25 00:26:38 | WARNING  | serial_manager       | Connexion échouée : could not open port 'COM3': FileNotFoundError(2, 'Le fichier spécifié est introuvable.', None, 2) — retry dans 3.0s
2026-05-25 00:26:41 | INFO     | serial_manager       | Connexion sur COM3 @ 115200...
2026-05-25 00:26:41 | WARNING  | serial_manager       | Connexion échouée : could not open port 'COM3': FileNotFoundError(2, 'Le fichier spécifié est introuvable.', None, 2) — retry dans 3.0s
2026-05-25 00:26:44 | INFO     | serial_manager       | Connexion sur COM3 @ 115200...
2026-05-25 00:26:44 | WARNING  | serial_manager       | Connexion échouée : could not open port 'COM3': FileNotFoundError(2, 'Le fichier spécifié est introuvable.', None, 2) — retry dans 3.0s
2026-05-25 00:26:47 | INFO     | serial_manager       | Connexion sur COM3 @ 115200...
2026-05-25 00:26:47 | WARNING  | serial_manager       | Connexion échouée : could not open port 'COM3': FileNotFoundError(2, 'Le fichier spécifié est introuvable.', None, 2) — retry dans 3.0s
2026-05-25 00:26:50 | INFO     | serial_manager       | Connexion sur COM3 @ 115200...
2026-05-25 00:26:50 | WARNING  | serial_manager       | Connexion échouée : could not open port 'COM3': FileNotFoundError(2, 'Le fichier spécifié est introuvable.', None, 2) — retry dans 3.0s
2026-05-25 00:26:53 | INFO     | serial_manager       | Connexion sur COM3 @ 115200...
2026-05-25 00:26:53 | WARNING  | serial_manager       | Connexion échouée : could not open port 'COM3': FileNotFoundError(2, 'Le fichier spécifié est introuvable.', None, 2) — retry dans 3.0s
2026-05-25 00:26:56 | INFO     | serial_manager       | Connexion sur COM3 @ 115200...
2026-05-25 00:26:57 | WARNING  | serial_manager       | Connexion échouée : could not open port 'COM3': FileNotFoundError(2, 'Le fichier spécifié est introuvable.', None, 2) — retry dans 3.0s
2026-05-25 00:27:00 | INFO     | serial_manager       | Connexion sur COM3 @ 115200...
2026-05-25 00:27:00 | WARNING  | serial_manager       | Connexion échouée : could not open port 'COM3': FileNotFoundError(2, 'Le fichier spécifié est introuvable.', None, 2) — retry dans 3.0s
2026-05-25 00:27:03 | INFO     | serial_manager       | Connexion sur COM3 @ 115200...
2026-05-25 00:27:03 | WARNING  | serial_manager       | Connexion échouée : could not open port 'COM3': FileNotFoundError(2, 'Le fichier spécifié est introuvable.', None, 2) — retry dans 3.0s
2026-05-25 00:27:06 | INFO     | serial_manager       | Connexion sur COM3 @ 115200...
2026-05-25 00:27:06 | WARNING  | serial_manager       | Connexion échouée : could not open port 'COM3': FileNotFoundError(2, 'Le fichier spécifié est introuvable.', None, 2) — retry dans 3.0s
2026-05-25 00:27:09 | INFO     | serial_manager       | Connexion sur COM3 @ 115200...
2026-05-25 00:27:09 | WARNING  | serial_manager       | Connexion échouée : could not open port 'COM3': FileNotFoundError(2, 'Le fichier spécifié est introuvable.', None, 2) — retry dans 3.0s
2026-05-25 00:27:12 | INFO     | serial_manager       | Connexion sur COM3 @ 115200...
2026-05-25 00:27:12 | WARNING  | serial_manager       | Connexion échouée : could not open port 'COM3': FileNotFoundError(2, 'Le fichier spécifié est introuvable.', None, 2) — retry dans 3.0s
2026-05-25 00:27:15 | INFO     | serial_manager       | Connexion sur COM3 @ 115200...
2026-05-25 00:27:15 | WARNING  | serial_manager       | Connexion échouée : could not open port 'COM3': FileNotFoundError(2, 'Le fichier spécifié est introuvable.', None, 2) — retry dans 3.0s
2026-05-25 00:27:18 | INFO     | serial_manager       | Connexion sur COM3 @ 115200...
2026-05-25 00:27:18 | WARNING  | serial_manager       | Connexion échouée : could not open port 'COM3': FileNotFoundError(2, 'Le fichier spécifié est introuvable.', None, 2) — retry dans 3.0s
2026-05-25 00:27:21 | INFO     | serial_manager       | Connexion sur COM3 @ 115200...
2026-05-25 00:27:21 | WARNING  | serial_manager       | Connexion échouée : could not open port 'COM3': FileNotFoundError(2, 'Le fichier spécifié est introuvable.', None, 2) — retry dans 3.0s
2026-05-25 00:27:24 | INFO     | serial_manager       | Connexion sur COM3 @ 115200...
2026-05-25 00:27:24 | WARNING  | serial_manager       | Connexion échouée : could not open port 'COM3': FileNotFoundError(2, 'Le fichier spécifié est introuvable.', None, 2) — retry dans 3.0s
2026-05-25 00:27:27 | INFO     | serial_manager       | Connexion sur COM3 @ 115200...
2026-05-25 00:27:27 | WARNING  | serial_manager       | Connexion échouée : could not open port 'COM3': FileNotFoundError(2, 'Le fichier spécifié est introuvable.', None, 2) — retry dans 3.0s
2026-05-25 00:27:30 | INFO     | serial_manager       | Connexion sur COM3 @ 115200...
2026-05-25 00:27:30 | WARNING  | serial_manager       | Connexion échouée : could not open port 'COM3': FileNotFoundError(2, 'Le fichier spécifié est introuvable.', None, 2) — retry dans 3.0s
2026-05-25 00:27:33 | INFO     | serial_manager       | Connexion sur COM3 @ 115200...
2026-05-25 00:27:33 | WARNING  | serial_manager       | Connexion échouée : could not open port 'COM3': FileNotFoundError(2, 'Le fichier spécifié est introuvable.', None, 2) — retry dans 3.0s
2026-05-25 00:27:36 | INFO     | serial_manager       | Connexion sur COM3 @ 115200...
2026-05-25 00:27:36 | WARNING  | serial_manager       | Connexion échouée : could not open port 'COM3': FileNotFoundError(2, 'Le fichier spécifié est introuvable.', None, 2) — retry dans 3.0s
2026-05-25 00:27:39 | INFO     | serial_manager       | Connexion sur COM3 @ 115200...
2026-05-25 00:27:39 | WARNING  | serial_manager       | Connexion échouée : could not open port 'COM3': FileNotFoundError(2, 'Le fichier spécifié est introuvable.', None, 2) — retry dans 3.0s
2026-05-25 00:27:42 | INFO     | serial_manager       | Connexion sur COM3 @ 115200...
2026-05-25 00:27:42 | WARNING  | serial_manager       | Connexion échouée : could not open port 'COM3': FileNotFoundError(2, 'Le fichier spécifié est introuvable.', None, 2) — retry dans 3.0s
2026-05-25 00:27:45 | INFO     | serial_manager       | Connexion sur COM3 @ 115200...
2026-05-25 00:27:45 | WARNING  | serial_manager       | Connexion échouée : could not open port 'COM3': FileNotFoundError(2, 'Le fichier spécifié est introuvable.', None, 2) — retry dans 3.0s
2026-05-25 00:27:48 | INFO     | serial_manager       | Connexion sur COM3 @ 115200...
2026-05-25 00:27:48 | WARNING  | serial_manager       | Connexion échouée : could not open port 'COM3': FileNotFoundError(2, 'Le fichier spécifié est introuvable.', None, 2) — retry dans 3.0s
2026-05-25 00:27:51 | INFO     | serial_manager       | Connexion sur COM3 @ 115200...
2026-05-25 00:27:51 | WARNING  | serial_manager       | Connexion échouée : could not open port 'COM3': FileNotFoundError(2, 'Le fichier spécifié est introuvable.', None, 2) — retry dans 3.0s
2026-05-25 00:27:54 | INFO     | serial_manager       | Connexion sur COM3 @ 115200...
2026-05-25 00:27:54 | WARNING  | serial_manager       | Connexion échouée : could not open port 'COM3': FileNotFoundError(2, 'Le fichier spécifié est introuvable.', None, 2) — retry dans 3.0s
2026-05-25 00:27:57 | INFO     | serial_manager       | Connexion sur COM3 @ 115200...
2026-05-25 00:27:57 | WARNING  | serial_manager       | Connexion échouée : could not open port 'COM3': FileNotFoundError(2, 'Le fichier spécifié est introuvable.', None, 2) — retry dans 3.0s
2026-05-25 00:28:00 | INFO     | serial_manager       | Connexion sur COM3 @ 115200...
2026-05-25 00:28:00 | WARNING  | serial_manager       | Connexion échouée : could not open port 'COM3': FileNotFoundError(2, 'Le fichier spécifié est introuvable.', None, 2) — retry dans 3.0s
2026-05-25 00:28:03 | INFO     | serial_manager       | Connexion sur COM3 @ 115200...
2026-05-25 00:28:03 | WARNING  | serial_manager       | Connexion échouée : could not open port 'COM3': FileNotFoundError(2, 'Le fichier spécifié est introuvable.', None, 2) — retry dans 3.0s
2026-05-25 00:28:06 | INFO     | serial_manager       | Connexion sur COM3 @ 115200...
2026-05-25 00:28:06 | WARNING  | serial_manager       | Connexion échouée : could not open port 'COM3': FileNotFoundError(2, 'Le fichier spécifié est introuvable.', None, 2) — retry dans 3.0s
2026-05-25 00:28:09 | INFO     | serial_manager       | Connexion sur COM3 @ 115200...
2026-05-25 00:28:09 | WARNING  | serial_manager       | Connexion échouée : could not open port 'COM3': FileNotFoundError(2, 'Le fichier spécifié est introuvable.', None, 2) — retry dans 3.0s
2026-05-25 00:28:12 | INFO     | serial_manager       | Connexion sur COM3 @ 115200...
2026-05-25 00:28:12 | WARNING  | serial_manager       | Connexion échouée : could not open port 'COM3': FileNotFoundError(2, 'Le fichier spécifié est introuvable.', None, 2) — retry dans 3.0s
2026-05-25 00:28:15 | INFO     | serial_manager       | Connexion sur COM3 @ 115200...
2026-05-25 00:28:15 | WARNING  | serial_manager       | Connexion échouée : could not open port 'COM3': FileNotFoundError(2, 'Le fichier spécifié est introuvable.', None, 2) — retry dans 3.0s
2026-05-25 00:28:18 | INFO     | serial_manager       | Connexion sur COM3 @ 115200...
2026-05-25 00:28:18 | WARNING  | serial_manager       | Connexion échouée : could not open port 'COM3': FileNotFoundError(2, 'Le fichier spécifié est introuvable.', None, 2) — retry dans 3.0s
2026-05-25 00:28:21 | INFO     | serial_manager       | Connexion sur COM3 @ 115200...
2026-05-25 00:28:21 | WARNING  | serial_manager       | Connexion échouée : could not open port 'COM3': FileNotFoundError(2, 'Le fichier spécifié est introuvable.', None, 2) — retry dans 3.0s
2026-05-25 00:28:24 | INFO     | serial_manager       | Connexion sur COM3 @ 115200...
2026-05-25 00:28:24 | WARNING  | serial_manager       | Connexion échouée : could not open port 'COM3': FileNotFoundError(2, 'Le fichier spécifié est introuvable.', None, 2) — retry dans 3.0s
2026-05-25 00:28:27 | INFO     | serial_manager       | Connexion sur COM3 @ 115200...
2026-05-25 00:28:27 | WARNING  | serial_manager       | Connexion échouée : could not open port 'COM3': FileNotFoundError(2, 'Le fichier spécifié est introuvable.', None, 2) — retry dans 3.0s
2026-05-25 00:28:30 | INFO     | serial_manager       | Connexion sur COM3 @ 115200...
2026-05-25 00:28:30 | WARNING  | serial_manager       | Connexion échouée : could not open port 'COM3': FileNotFoundError(2, 'Le fichier spécifié est introuvable.', None, 2) — retry dans 3.0s
2026-05-25 00:28:33 | INFO     | serial_manager       | Connexion sur COM3 @ 115200...
2026-05-25 00:28:33 | WARNING  | serial_manager       | Connexion échouée : could not open port 'COM3': FileNotFoundError(2, 'Le fichier spécifié est introuvable.', None, 2) — retry dans 3.0s
2026-05-25 00:28:36 | INFO     | serial_manager       | Connexion sur COM3 @ 115200...
2026-05-25 00:28:36 | WARNING  | serial_manager       | Connexion échouée : could not open port 'COM3': FileNotFoundError(2, 'Le fichier spécifié est introuvable.', None, 2) — retry dans 3.0s
2026-05-25 00:28:39 | INFO     | serial_manager       | Connexion sur COM3 @ 115200...
2026-05-25 00:28:39 | WARNING  | serial_manager       | Connexion échouée : could not open port 'COM3': FileNotFoundError(2, 'Le fichier spécifié est introuvable.', None, 2) — retry dans 3.0s
2026-05-25 00:28:42 | INFO     | serial_manager       | Connexion sur COM3 @ 115200...
2026-05-25 00:28:42 | WARNING  | serial_manager       | Connexion échouée : could not open port 'COM3': FileNotFoundError(2, 'Le fichier spécifié est introuvable.', None, 2) — retry dans 3.0s
2026-05-25 00:28:45 | INFO     | serial_manager       | Connexion sur COM3 @ 115200...
2026-05-25 00:28:45 | WARNING  | serial_manager       | Connexion échouée : could not open port 'COM3': FileNotFoundError(2, 'Le fichier spécifié est introuvable.', None, 2) — retry dans 3.0s
2026-05-25 00:28:48 | INFO     | serial_manager       | Connexion sur COM3 @ 115200...
2026-05-25 00:28:48 | WARNING  | serial_manager       | Connexion échouée : could not open port 'COM3': FileNotFoundError(2, 'Le fichier spécifié est introuvable.', None, 2) — retry dans 3.0s
2026-05-25 00:28:51 | INFO     | serial_manager       | Connexion sur COM3 @ 115200...
2026-05-25 00:28:51 | WARNING  | serial_manager       | Connexion échouée : could not open port 'COM3': FileNotFoundError(2, 'Le fichier spécifié est introuvable.', None, 2) — retry dans 3.0s
2026-05-25 00:28:54 | INFO     | serial_manager       | Connexion sur COM3 @ 115200...
2026-05-25 00:28:54 | WARNING  | serial_manager       | Connexion échouée : could not open port 'COM3': FileNotFoundError(2, 'Le fichier spécifié est introuvable.', None, 2) — retry dans 3.0s
2026-05-25 00:28:57 | INFO     | serial_manager       | Connexion sur COM3 @ 115200...
2026-05-25 00:28:57 | WARNING  | serial_manager       | Connexion échouée : could not open port 'COM3': FileNotFoundError(2, 'Le fichier spécifié est introuvable.', None, 2) — retry dans 3.0s
2026-05-25 00:29:00 | INFO     | serial_manager       | Connexion sur COM3 @ 115200...
2026-05-25 00:29:00 | WARNING  | serial_manager       | Connexion échouée : could not open port 'COM3': FileNotFoundError(2, 'Le fichier spécifié est introuvable.', None, 2) — retry dans 3.0s
2026-05-25 00:29:03 | INFO     | serial_manager       | Connexion sur COM3 @ 115200...
2026-05-25 00:29:03 | WARNING  | serial_manager       | Connexion échouée : could not open port 'COM3': FileNotFoundError(2, 'Le fichier spécifié est introuvable.', None, 2) — retry dans 3.0s
2026-05-25 00:29:06 | INFO     | serial_manager       | Connexion sur COM3 @ 115200...
2026-05-25 00:29:06 | WARNING  | serial_manager       | Connexion échouée : could not open port 'COM3': FileNotFoundError(2, 'Le fichier spécifié est introuvable.', None, 2) — retry dans 3.0s
2026-05-25 00:29:09 | INFO     | serial_manager       | Connexion sur COM3 @ 115200...
2026-05-25 00:29:09 | WARNING  | serial_manager       | Connexion échouée : could not open port 'COM3': FileNotFoundError(2, 'Le fichier spécifié est introuvable.', None, 2) — retry dans 3.0s
2026-05-25 00:29:12 | INFO     | serial_manager       | Connexion sur COM3 @ 115200...
2026-05-25 00:29:12 | WARNING  | serial_manager       | Connexion échouée : could not open port 'COM3': FileNotFoundError(2, 'Le fichier spécifié est introuvable.', None, 2) — retry dans 3.0s
2026-05-25 00:29:15 | INFO     | serial_manager       | Connexion sur COM3 @ 115200...
2026-05-25 00:29:15 | WARNING  | serial_manager       | Connexion échouée : could not open port 'COM3': FileNotFoundError(2, 'Le fichier spécifié est introuvable.', None, 2) — retry dans 3.0s
2026-05-25 00:29:18 | INFO     | serial_manager       | Connexion sur COM3 @ 115200...
2026-05-25 00:29:18 | WARNING  | serial_manager       | Connexion échouée : could not open port 'COM3': FileNotFoundError(2, 'Le fichier spécifié est introuvable.', None, 2) — retry dans 3.0s
2026-05-25 00:29:21 | INFO     | serial_manager       | Connexion sur COM3 @ 115200...
2026-05-25 00:29:21 | WARNING  | serial_manager       | Connexion échouée : could not open port 'COM3': FileNotFoundError(2, 'Le fichier spécifié est introuvable.', None, 2) — retry dans 3.0s
2026-05-25 00:29:24 | INFO     | serial_manager       | Connexion sur COM3 @ 115200...
2026-05-25 00:29:24 | WARNING  | serial_manager       | Connexion échouée : could not open port 'COM3': FileNotFoundError(2, 'Le fichier spécifié est introuvable.', None, 2) — retry dans 3.0s
2026-05-25 00:29:27 | INFO     | serial_manager       | Connexion sur COM3 @ 115200...
2026-05-25 00:29:27 | WARNING  | serial_manager       | Connexion échouée : could not open port 'COM3': FileNotFoundError(2, 'Le fichier spécifié est introuvable.', None, 2) — retry dans 3.0s
2026-05-25 00:29:30 | INFO     | serial_manager       | Connexion sur COM3 @ 115200...
2026-05-25 00:29:30 | WARNING  | serial_manager       | Connexion échouée : could not open port 'COM3': FileNotFoundError(2, 'Le fichier spécifié est introuvable.', None, 2) — retry dans 3.0s
2026-05-25 00:29:33 | INFO     | serial_manager       | Connexion sur COM3 @ 115200...
2026-05-25 00:29:33 | WARNING  | serial_manager       | Connexion échouée : could not open port 'COM3': FileNotFoundError(2, 'Le fichier spécifié est introuvable.', None, 2) — retry dans 3.0s
2026-05-25 00:29:36 | INFO     | serial_manager       | Connexion sur COM3 @ 115200...
2026-05-25 00:29:36 | WARNING  | serial_manager       | Connexion échouée : could not open port 'COM3': FileNotFoundError(2, 'Le fichier spécifié est introuvable.', None, 2) — retry dans 3.0s
2026-05-25 00:29:39 | INFO     | serial_manager       | Connexion sur COM3 @ 115200...
2026-05-25 00:29:39 | WARNING  | serial_manager       | Connexion échouée : could not open port 'COM3': FileNotFoundError(2, 'Le fichier spécifié est introuvable.', None, 2) — retry dans 3.0s
2026-05-25 00:29:42 | INFO     | serial_manager       | Connexion sur COM3 @ 115200...
2026-05-25 00:29:42 | WARNING  | serial_manager       | Connexion échouée : could not open port 'COM3': FileNotFoundError(2, 'Le fichier spécifié est introuvable.', None, 2) — retry dans 3.0s
2026-05-25 00:29:45 | INFO     | serial_manager       | Connexion sur COM3 @ 115200...
2026-05-25 00:29:45 | WARNING  | serial_manager       | Connexion échouée : could not open port 'COM3': FileNotFoundError(2, 'Le fichier spécifié est introuvable.', None, 2) — retry dans 3.0s
2026-05-25 00:29:48 | INFO     | serial_manager       | Connexion sur COM3 @ 115200...
2026-05-25 00:29:48 | WARNING  | serial_manager       | Connexion échouée : could not open port 'COM3': FileNotFoundError(2, 'Le fichier spécifié est introuvable.', None, 2) — retry dans 3.0s
2026-05-25 00:29:52 | INFO     | serial_manager       | Connexion sur COM3 @ 115200...
2026-05-25 00:29:52 | WARNING  | serial_manager       | Connexion échouée : could not open port 'COM3': FileNotFoundError(2, 'Le fichier spécifié est introuvable.', None, 2) — retry dans 3.0s
2026-05-25 00:29:55 | INFO     | serial_manager       | Connexion sur COM3 @ 115200...
2026-05-25 00:29:55 | WARNING  | serial_manager       | Connexion échouée : could not open port 'COM3': FileNotFoundError(2, 'Le fichier spécifié est introuvable.', None, 2) — retry dans 3.0s
2026-05-25 00:29:58 | INFO     | serial_manager       | Connexion sur COM3 @ 115200...
2026-05-25 00:29:58 | WARNING  | serial_manager       | Connexion échouée : could not open port 'COM3': FileNotFoundError(2, 'Le fichier spécifié est introuvable.', None, 2) — retry dans 3.0s
2026-05-25 00:30:01 | INFO     | serial_manager       | Connexion sur COM3 @ 115200...
2026-05-25 00:30:01 | WARNING  | serial_manager       | Connexion échouée : could not open port 'COM3': FileNotFoundError(2, 'Le fichier spécifié est introuvable.', None, 2) — retry dans 3.0s
2026-05-25 00:30:04 | INFO     | serial_manager       | Connexion sur COM3 @ 115200...
2026-05-25 00:30:04 | WARNING  | serial_manager       | Connexion échouée : could not open port 'COM3': FileNotFoundError(2, 'Le fichier spécifié est introuvable.', None, 2) — retry dans 3.0s
2026-05-25 00:30:07 | INFO     | serial_manager       | Connexion sur COM3 @ 115200...
2026-05-25 00:30:07 | WARNING  | serial_manager       | Connexion échouée : could not open port 'COM3': FileNotFoundError(2, 'Le fichier spécifié est introuvable.', None, 2) — retry dans 3.0s
2026-05-25 00:30:10 | INFO     | serial_manager       | Connexion sur COM3 @ 115200...
2026-05-25 00:30:10 | WARNING  | serial_manager       | Connexion échouée : could not open port 'COM3': FileNotFoundError(2, 'Le fichier spécifié est introuvable.', None, 2) — retry dans 3.0s
2026-05-25 00:30:13 | INFO     | serial_manager       | Connexion sur COM3 @ 115200...
2026-05-25 00:30:13 | WARNING  | serial_manager       | Connexion échouée : could not open port 'COM3': FileNotFoundError(2, 'Le fichier spécifié est introuvable.', None, 2) — retry dans 3.0s
2026-05-25 00:30:16 | INFO     | serial_manager       | Connexion sur COM3 @ 115200...
2026-05-25 00:30:16 | WARNING  | serial_manager       | Connexion échouée : could not open port 'COM3': FileNotFoundError(2, 'Le fichier spécifié est introuvable.', None, 2) — retry dans 3.0s
2026-05-25 00:30:19 | INFO     | serial_manager       | Connexion sur COM3 @ 115200...
2026-05-25 00:30:19 | WARNING  | serial_manager       | Connexion échouée : could not open port 'COM3': FileNotFoundError(2, 'Le fichier spécifié est introuvable.', None, 2) — retry dans 3.0s
2026-05-25 00:30:22 | INFO     | serial_manager       | Connexion sur COM3 @ 115200...
2026-05-25 00:30:22 | WARNING  | serial_manager       | Connexion échouée : could not open port 'COM3': FileNotFoundError(2, 'Le fichier spécifié est introuvable.', None, 2) — retry dans 3.0s
2026-05-25 00:30:25 | INFO     | serial_manager       | Connexion sur COM3 @ 115200...
2026-05-25 00:30:25 | WARNING  | serial_manager       | Connexion échouée : could not open port 'COM3': FileNotFoundError(2, 'Le fichier spécifié est introuvable.', None, 2) — retry dans 3.0s
2026-05-25 00:30:28 | INFO     | serial_manager       | Connexion sur COM3 @ 115200...
2026-05-25 00:30:28 | WARNING  | serial_manager       | Connexion échouée : could not open port 'COM3': FileNotFoundError(2, 'Le fichier spécifié est introuvable.', None, 2) — retry dans 3.0s
2026-05-25 00:30:31 | INFO     | serial_manager       | Connexion sur COM3 @ 115200...
2026-05-25 00:30:31 | WARNING  | serial_manager       | Connexion échouée : could not open port 'COM3': FileNotFoundError(2, 'Le fichier spécifié est introuvable.', None, 2) — retry dans 3.0s
2026-05-25 00:30:34 | INFO     | serial_manager       | Connexion sur COM3 @ 115200...
2026-05-25 00:30:34 | WARNING  | serial_manager       | Connexion échouée : could not open port 'COM3': FileNotFoundError(2, 'Le fichier spécifié est introuvable.', None, 2) — retry dans 3.0s
2026-05-25 00:30:37 | INFO     | serial_manager       | Connexion sur COM3 @ 115200...
2026-05-25 00:30:37 | WARNING  | serial_manager       | Connexion échouée : could not open port 'COM3': FileNotFoundError(2, 'Le fichier spécifié est introuvable.', None, 2) — retry dans 3.0s
2026-05-25 00:30:40 | INFO     | serial_manager       | Connexion sur COM3 @ 115200...
2026-05-25 00:30:40 | WARNING  | serial_manager       | Connexion échouée : could not open port 'COM3': FileNotFoundError(2, 'Le fichier spécifié est introuvable.', None, 2) — retry dans 3.0s
2026-05-25 00:30:43 | INFO     | serial_manager       | Connexion sur COM3 @ 115200...
2026-05-25 00:30:43 | WARNING  | serial_manager       | Connexion échouée : could not open port 'COM3': FileNotFoundError(2, 'Le fichier spécifié est introuvable.', None, 2) — retry dans 3.0s
2026-05-25 00:30:46 | INFO     | serial_manager       | Connexion sur COM3 @ 115200...
2026-05-25 00:30:46 | WARNING  | serial_manager       | Connexion échouée : could not open port 'COM3': FileNotFoundError(2, 'Le fichier spécifié est introuvable.', None, 2) — retry dans 3.0s
2026-05-25 00:30:49 | INFO     | serial_manager       | Connexion sur COM3 @ 115200...
2026-05-25 00:30:49 | WARNING  | serial_manager       | Connexion échouée : could not open port 'COM3': FileNotFoundError(2, 'Le fichier spécifié est introuvable.', None, 2) — retry dans 3.0s
2026-05-25 00:30:52 | INFO     | serial_manager       | Connexion sur COM3 @ 115200...
2026-05-25 00:30:52 | WARNING  | serial_manager       | Connexion échouée : could not open port 'COM3': FileNotFoundError(2, 'Le fichier spécifié est introuvable.', None, 2) — retry dans 3.0s
2026-05-25 00:30:55 | INFO     | serial_manager       | Connexion sur COM3 @ 115200...
2026-05-25 00:30:55 | WARNING  | serial_manager       | Connexion échouée : could not open port 'COM3': FileNotFoundError(2, 'Le fichier spécifié est introuvable.', None, 2) — retry dans 3.0s
2026-05-25 00:30:58 | INFO     | serial_manager       | Connexion sur COM3 @ 115200...
2026-05-25 00:30:58 | WARNING  | serial_manager       | Connexion échouée : could not open port 'COM3': FileNotFoundError(2, 'Le fichier spécifié est introuvable.', None, 2) — retry dans 3.0s
2026-05-25 00:31:01 | INFO     | serial_manager       | Connexion sur COM3 @ 115200...
2026-05-25 00:31:01 | WARNING  | serial_manager       | Connexion échouée : could not open port 'COM3': FileNotFoundError(2, 'Le fichier spécifié est introuvable.', None, 2) — retry dans 3.0s
2026-05-25 00:31:04 | INFO     | serial_manager       | Connexion sur COM3 @ 115200...
2026-05-25 00:31:04 | WARNING  | serial_manager       | Connexion échouée : could not open port 'COM3': FileNotFoundError(2, 'Le fichier spécifié est introuvable.', None, 2) — retry dans 3.0s
2026-05-25 00:31:07 | INFO     | serial_manager       | Connexion sur COM3 @ 115200...
2026-05-25 00:31:07 | WARNING  | serial_manager       | Connexion échouée : could not open port 'COM3': FileNotFoundError(2, 'Le fichier spécifié est introuvable.', None, 2) — retry dans 3.0s
2026-05-25 00:31:10 | INFO     | serial_manager       | Connexion sur COM3 @ 115200...
2026-05-25 00:31:10 | WARNING  | serial_manager       | Connexion échouée : could not open port 'COM3': FileNotFoundError(2, 'Le fichier spécifié est introuvable.', None, 2) — retry dans 3.0s
2026-05-25 00:31:13 | INFO     | serial_manager       | Connexion sur COM3 @ 115200...
2026-05-25 00:31:13 | WARNING  | serial_manager       | Connexion échouée : could not open port 'COM3': FileNotFoundError(2, 'Le fichier spécifié est introuvable.', None, 2) — retry dans 3.0s
2026-05-25 00:31:16 | INFO     | serial_manager       | Connexion sur COM3 @ 115200...
2026-05-25 00:31:16 | WARNING  | serial_manager       | Connexion échouée : could not open port 'COM3': FileNotFoundError(2, 'Le fichier spécifié est introuvable.', None, 2) — retry dans 3.0s
2026-05-25 00:31:19 | INFO     | serial_manager       | Connexion sur COM3 @ 115200...
2026-05-25 00:31:19 | WARNING  | serial_manager       | Connexion échouée : could not open port 'COM3': FileNotFoundError(2, 'Le fichier spécifié est introuvable.', None, 2) — retry dans 3.0s
2026-05-25 00:31:22 | INFO     | serial_manager       | Connexion sur COM3 @ 115200...
2026-05-25 00:31:22 | WARNING  | serial_manager       | Connexion échouée : could not open port 'COM3': FileNotFoundError(2, 'Le fichier spécifié est introuvable.', None, 2) — retry dans 3.0s
2026-05-25 00:31:25 | INFO     | serial_manager       | Connexion sur COM3 @ 115200...
2026-05-25 00:31:25 | WARNING  | serial_manager       | Connexion échouée : could not open port 'COM3': FileNotFoundError(2, 'Le fichier spécifié est introuvable.', None, 2) — retry dans 3.0s
2026-05-25 00:31:28 | INFO     | serial_manager       | Connexion sur COM3 @ 115200...
2026-05-25 00:31:28 | WARNING  | serial_manager       | Connexion échouée : could not open port 'COM3': FileNotFoundError(2, 'Le fichier spécifié est introuvable.', None, 2) — retry dans 3.0s
2026-05-25 00:31:31 | INFO     | serial_manager       | Connexion sur COM3 @ 115200...
2026-05-25 00:31:31 | WARNING  | serial_manager       | Connexion échouée : could not open port 'COM3': FileNotFoundError(2, 'Le fichier spécifié est introuvable.', None, 2) — retry dans 3.0s
2026-05-25 00:31:34 | INFO     | serial_manager       | Connexion sur COM3 @ 115200...
2026-05-25 00:31:34 | WARNING  | serial_manager       | Connexion échouée : could not open port 'COM3': FileNotFoundError(2, 'Le fichier spécifié est introuvable.', None, 2) — retry dans 3.0s
2026-05-25 00:31:37 | INFO     | serial_manager       | Connexion sur COM3 @ 115200...
2026-05-25 00:31:37 | WARNING  | serial_manager       | Connexion échouée : could not open port 'COM3': FileNotFoundError(2, 'Le fichier spécifié est introuvable.', None, 2) — retry dans 3.0s
2026-05-25 00:31:40 | INFO     | serial_manager       | Connexion sur COM3 @ 115200...
2026-05-25 00:31:40 | WARNING  | serial_manager       | Connexion échouée : could not open port 'COM3': FileNotFoundError(2, 'Le fichier spécifié est introuvable.', None, 2) — retry dans 3.0s
2026-05-25 00:31:43 | INFO     | serial_manager       | Connexion sur COM3 @ 115200...
2026-05-25 00:31:43 | WARNING  | serial_manager       | Connexion échouée : could not open port 'COM3': FileNotFoundError(2, 'Le fichier spécifié est introuvable.', None, 2) — retry dans 3.0s
2026-05-25 00:31:46 | INFO     | serial_manager       | Connexion sur COM3 @ 115200...
2026-05-25 00:31:46 | WARNING  | serial_manager       | Connexion échouée : could not open port 'COM3': FileNotFoundError(2, 'Le fichier spécifié est introuvable.', None, 2) — retry dans 3.0s
2026-05-25 00:31:49 | INFO     | serial_manager       | Connexion sur COM3 @ 115200...
2026-05-25 00:31:49 | WARNING  | serial_manager       | Connexion échouée : could not open port 'COM3': FileNotFoundError(2, 'Le fichier spécifié est introuvable.', None, 2) — retry dans 3.0s
2026-05-25 00:31:52 | INFO     | serial_manager       | Connexion sur COM3 @ 115200...
2026-05-25 00:31:52 | WARNING  | serial_manager       | Connexion échouée : could not open port 'COM3': FileNotFoundError(2, 'Le fichier spécifié est introuvable.', None, 2) — retry dans 3.0s
2026-05-25 00:31:55 | INFO     | serial_manager       | Connexion sur COM3 @ 115200...
2026-05-25 00:31:55 | WARNING  | serial_manager       | Connexion échouée : could not open port 'COM3': FileNotFoundError(2, 'Le fichier spécifié est introuvable.', None, 2) — retry dans 3.0s
2026-05-25 00:31:58 | INFO     | serial_manager       | Connexion sur COM3 @ 115200...
2026-05-25 00:31:58 | WARNING  | serial_manager       | Connexion échouée : could not open port 'COM3': FileNotFoundError(2, 'Le fichier spécifié est introuvable.', None, 2) — retry dans 3.0s
2026-05-25 00:32:01 | INFO     | serial_manager       | Connexion sur COM3 @ 115200...
2026-05-25 00:32:01 | WARNING  | serial_manager       | Connexion échouée : could not open port 'COM3': FileNotFoundError(2, 'Le fichier spécifié est introuvable.', None, 2) — retry dans 3.0s
2026-05-25 00:32:04 | INFO     | serial_manager       | Connexion sur COM3 @ 115200...
2026-05-25 00:32:04 | WARNING  | serial_manager       | Connexion échouée : could not open port 'COM3': FileNotFoundError(2, 'Le fichier spécifié est introuvable.', None, 2) — retry dans 3.0s
2026-05-25 00:32:07 | INFO     | serial_manager       | Connexion sur COM3 @ 115200...
2026-05-25 00:32:07 | WARNING  | serial_manager       | Connexion échouée : could not open port 'COM3': FileNotFoundError(2, 'Le fichier spécifié est introuvable.', None, 2) — retry dans 3.0s
2026-05-25 00:32:10 | INFO     | serial_manager       | Connexion sur COM3 @ 115200...
2026-05-25 00:32:10 | WARNING  | serial_manager       | Connexion échouée : could not open port 'COM3': FileNotFoundError(2, 'Le fichier spécifié est introuvable.', None, 2) — retry dans 3.0s
2026-05-25 00:32:13 | INFO     | serial_manager       | Connexion sur COM3 @ 115200...
2026-05-25 00:32:13 | WARNING  | serial_manager       | Connexion échouée : could not open port 'COM3': FileNotFoundError(2, 'Le fichier spécifié est introuvable.', None, 2) — retry dans 3.0s
2026-05-25 00:32:16 | INFO     | serial_manager       | Connexion sur COM3 @ 115200...
2026-05-25 00:32:16 | WARNING  | serial_manager       | Connexion échouée : could not open port 'COM3': FileNotFoundError(2, 'Le fichier spécifié est introuvable.', None, 2) — retry dans 3.0s
2026-05-25 00:32:19 | INFO     | serial_manager       | Connexion sur COM3 @ 115200...
2026-05-25 00:32:19 | WARNING  | serial_manager       | Connexion échouée : could not open port 'COM3': FileNotFoundError(2, 'Le fichier spécifié est introuvable.', None, 2) — retry dans 3.0s
2026-05-25 00:32:22 | INFO     | serial_manager       | Connexion sur COM3 @ 115200...
2026-05-25 00:32:22 | WARNING  | serial_manager       | Connexion échouée : could not open port 'COM3': FileNotFoundError(2, 'Le fichier spécifié est introuvable.', None, 2) — retry dans 3.0s
2026-05-25 00:32:25 | INFO     | serial_manager       | Connexion sur COM3 @ 115200...
2026-05-25 00:32:25 | WARNING  | serial_manager       | Connexion échouée : could not open port 'COM3': FileNotFoundError(2, 'Le fichier spécifié est introuvable.', None, 2) — retry dans 3.0s
2026-05-25 00:32:28 | INFO     | serial_manager       | Connexion sur COM3 @ 115200...
2026-05-25 00:32:28 | WARNING  | serial_manager       | Connexion échouée : could not open port 'COM3': FileNotFoundError(2, 'Le fichier spécifié est introuvable.', None, 2) — retry dans 3.0s
2026-05-25 00:32:31 | INFO     | serial_manager       | Connexion sur COM3 @ 115200...
2026-05-25 00:32:31 | WARNING  | serial_manager       | Connexion échouée : could not open port 'COM3': FileNotFoundError(2, 'Le fichier spécifié est introuvable.', None, 2) — retry dans 3.0s
2026-05-25 00:32:34 | INFO     | serial_manager       | Connexion sur COM3 @ 115200...
2026-05-25 00:32:34 | WARNING  | serial_manager       | Connexion échouée : could not open port 'COM3': FileNotFoundError(2, 'Le fichier spécifié est introuvable.', None, 2) — retry dans 3.0s
2026-05-25 00:32:37 | INFO     | serial_manager       | Connexion sur COM3 @ 115200...
2026-05-25 00:32:37 | WARNING  | serial_manager       | Connexion échouée : could not open port 'COM3': FileNotFoundError(2, 'Le fichier spécifié est introuvable.', None, 2) — retry dans 3.0s
2026-05-25 00:32:40 | INFO     | serial_manager       | Connexion sur COM3 @ 115200...
2026-05-25 00:32:40 | WARNING  | serial_manager       | Connexion échouée : could not open port 'COM3': FileNotFoundError(2, 'Le fichier spécifié est introuvable.', None, 2) — retry dans 3.0s
2026-05-25 00:32:43 | INFO     | serial_manager       | Connexion sur COM3 @ 115200...
2026-05-25 00:32:43 | WARNING  | serial_manager       | Connexion échouée : could not open port 'COM3': FileNotFoundError(2, 'Le fichier spécifié est introuvable.', None, 2) — retry dans 3.0s
2026-05-25 00:32:46 | INFO     | serial_manager       | Connexion sur COM3 @ 115200...
2026-05-25 00:32:46 | WARNING  | serial_manager       | Connexion échouée : could not open port 'COM3': FileNotFoundError(2, 'Le fichier spécifié est introuvable.', None, 2) — retry dans 3.0s
2026-05-25 00:32:49 | INFO     | serial_manager       | Connexion sur COM3 @ 115200...
2026-05-25 00:32:49 | WARNING  | serial_manager       | Connexion échouée : could not open port 'COM3': FileNotFoundError(2, 'Le fichier spécifié est introuvable.', None, 2) — retry dans 3.0s
2026-05-25 00:32:52 | INFO     | serial_manager       | Connexion sur COM3 @ 115200...
2026-05-25 00:32:52 | WARNING  | serial_manager       | Connexion échouée : could not open port 'COM3': FileNotFoundError(2, 'Le fichier spécifié est introuvable.', None, 2) — retry dans 3.0s
2026-05-25 00:32:55 | INFO     | serial_manager       | Connexion sur COM3 @ 115200...
2026-05-25 00:32:55 | WARNING  | serial_manager       | Connexion échouée : could not open port 'COM3': FileNotFoundError(2, 'Le fichier spécifié est introuvable.', None, 2) — retry dans 3.0s
2026-05-25 00:32:58 | INFO     | serial_manager       | Connexion sur COM3 @ 115200...
2026-05-25 00:32:58 | WARNING  | serial_manager       | Connexion échouée : could not open port 'COM3': FileNotFoundError(2, 'Le fichier spécifié est introuvable.', None, 2) — retry dans 3.0s
2026-05-25 00:33:01 | INFO     | serial_manager       | Connexion sur COM3 @ 115200...
2026-05-25 00:33:01 | WARNING  | serial_manager       | Connexion échouée : could not open port 'COM3': FileNotFoundError(2, 'Le fichier spécifié est introuvable.', None, 2) — retry dans 3.0s
2026-05-25 00:33:04 | INFO     | serial_manager       | Connexion sur COM3 @ 115200...
2026-05-25 00:33:04 | WARNING  | serial_manager       | Connexion échouée : could not open port 'COM3': FileNotFoundError(2, 'Le fichier spécifié est introuvable.', None, 2) — retry dans 3.0s
2026-05-25 00:33:07 | INFO     | serial_manager       | Connexion sur COM3 @ 115200...
2026-05-25 00:33:07 | WARNING  | serial_manager       | Connexion échouée : could not open port 'COM3': FileNotFoundError(2, 'Le fichier spécifié est introuvable.', None, 2) — retry dans 3.0s
2026-05-25 00:33:10 | INFO     | serial_manager       | Connexion sur COM3 @ 115200...
2026-05-25 00:33:10 | WARNING  | serial_manager       | Connexion échouée : could not open port 'COM3': FileNotFoundError(2, 'Le fichier spécifié est introuvable.', None, 2) — retry dans 3.0s
2026-05-25 00:33:13 | INFO     | serial_manager       | Connexion sur COM3 @ 115200...
2026-05-25 00:33:13 | WARNING  | serial_manager       | Connexion échouée : could not open port 'COM3': FileNotFoundError(2, 'Le fichier spécifié est introuvable.', None, 2) — retry dans 3.0s
2026-05-25 00:33:16 | INFO     | serial_manager       | Connexion sur COM3 @ 115200...
2026-05-25 00:33:16 | WARNING  | serial_manager       | Connexion échouée : could not open port 'COM3': FileNotFoundError(2, 'Le fichier spécifié est introuvable.', None, 2) — retry dans 3.0s
2026-05-25 00:33:19 | INFO     | serial_manager       | Connexion sur COM3 @ 115200...
2026-05-25 00:33:19 | WARNING  | serial_manager       | Connexion échouée : could not open port 'COM3': FileNotFoundError(2, 'Le fichier spécifié est introuvable.', None, 2) — retry dans 3.0s
2026-05-25 00:33:22 | INFO     | serial_manager       | Connexion sur COM3 @ 115200...
2026-05-25 00:33:22 | WARNING  | serial_manager       | Connexion échouée : could not open port 'COM3': FileNotFoundError(2, 'Le fichier spécifié est introuvable.', None, 2) — retry dans 3.0s
2026-05-25 00:33:25 | INFO     | serial_manager       | Connexion sur COM3 @ 115200...
2026-05-25 00:33:25 | WARNING  | serial_manager       | Connexion échouée : could not open port 'COM3': FileNotFoundError(2, 'Le fichier spécifié est introuvable.', None, 2) — retry dans 3.0s
2026-05-25 00:33:28 | INFO     | serial_manager       | Connexion sur COM3 @ 115200...
2026-05-25 00:33:28 | WARNING  | serial_manager       | Connexion échouée : could not open port 'COM3': FileNotFoundError(2, 'Le fichier spécifié est introuvable.', None, 2) — retry dans 3.0s
2026-05-25 00:33:31 | INFO     | serial_manager       | Connexion sur COM3 @ 115200...
2026-05-25 00:33:31 | WARNING  | serial_manager       | Connexion échouée : could not open port 'COM3': FileNotFoundError(2, 'Le fichier spécifié est introuvable.', None, 2) — retry dans 3.0s
2026-05-25 00:33:34 | INFO     | serial_manager       | Connexion sur COM3 @ 115200...
2026-05-25 00:33:34 | WARNING  | serial_manager       | Connexion échouée : could not open port 'COM3': FileNotFoundError(2, 'Le fichier spécifié est introuvable.', None, 2) — retry dans 3.0s
2026-05-25 00:33:37 | INFO     | serial_manager       | Connexion sur COM3 @ 115200...
2026-05-25 00:33:37 | WARNING  | serial_manager       | Connexion échouée : could not open port 'COM3': FileNotFoundError(2, 'Le fichier spécifié est introuvable.', None, 2) — retry dans 3.0s
2026-05-25 00:33:40 | INFO     | serial_manager       | Connexion sur COM3 @ 115200...
2026-05-25 00:33:40 | WARNING  | serial_manager       | Connexion échouée : could not open port 'COM3': FileNotFoundError(2, 'Le fichier spécifié est introuvable.', None, 2) — retry dans 3.0s
2026-05-25 00:33:43 | INFO     | serial_manager       | Connexion sur COM3 @ 115200...
2026-05-25 00:33:43 | WARNING  | serial_manager       | Connexion échouée : could not open port 'COM3': FileNotFoundError(2, 'Le fichier spécifié est introuvable.', None, 2) — retry dans 3.0s
2026-05-25 00:33:46 | INFO     | serial_manager       | Connexion sur COM3 @ 115200...
2026-05-25 00:33:46 | WARNING  | serial_manager       | Connexion échouée : could not open port 'COM3': FileNotFoundError(2, 'Le fichier spécifié est introuvable.', None, 2) — retry dans 3.0s
2026-05-25 00:33:49 | INFO     | serial_manager       | Connexion sur COM3 @ 115200...
2026-05-25 00:33:49 | WARNING  | serial_manager       | Connexion échouée : could not open port 'COM3': FileNotFoundError(2, 'Le fichier spécifié est introuvable.', None, 2) — retry dans 3.0s
2026-05-25 00:33:52 | INFO     | serial_manager       | Connexion sur COM3 @ 115200...
2026-05-25 00:33:52 | WARNING  | serial_manager       | Connexion échouée : could not open port 'COM3': FileNotFoundError(2, 'Le fichier spécifié est introuvable.', None, 2) — retry dans 3.0s
2026-05-25 00:33:55 | INFO     | serial_manager       | Connexion sur COM3 @ 115200...
2026-05-25 00:33:55 | WARNING  | serial_manager       | Connexion échouée : could not open port 'COM3': FileNotFoundError(2, 'Le fichier spécifié est introuvable.', None, 2) — retry dans 3.0s
2026-05-25 00:33:58 | INFO     | serial_manager       | Connexion sur COM3 @ 115200...
2026-05-25 00:33:58 | WARNING  | serial_manager       | Connexion échouée : could not open port 'COM3': FileNotFoundError(2, 'Le fichier spécifié est introuvable.', None, 2) — retry dans 3.0s
2026-05-25 00:34:01 | INFO     | serial_manager       | Connexion sur COM3 @ 115200...
2026-05-25 00:34:01 | WARNING  | serial_manager       | Connexion échouée : could not open port 'COM3': FileNotFoundError(2, 'Le fichier spécifié est introuvable.', None, 2) — retry dans 3.0s
2026-05-25 00:34:04 | INFO     | serial_manager       | Connexion sur COM3 @ 115200...
2026-05-25 00:34:04 | WARNING  | serial_manager       | Connexion échouée : could not open port 'COM3': FileNotFoundError(2, 'Le fichier spécifié est introuvable.', None, 2) — retry dans 3.0s
2026-05-25 00:34:07 | INFO     | serial_manager       | Connexion sur COM3 @ 115200...
2026-05-25 00:34:07 | WARNING  | serial_manager       | Connexion échouée : could not open port 'COM3': FileNotFoundError(2, 'Le fichier spécifié est introuvable.', None, 2) — retry dans 3.0s
2026-05-25 00:34:10 | INFO     | serial_manager       | Connexion sur COM3 @ 115200...
2026-05-25 00:34:10 | WARNING  | serial_manager       | Connexion échouée : could not open port 'COM3': FileNotFoundError(2, 'Le fichier spécifié est introuvable.', None, 2) — retry dans 3.0s
2026-05-25 00:34:13 | INFO     | serial_manager       | Connexion sur COM3 @ 115200...
2026-05-25 00:34:13 | WARNING  | serial_manager       | Connexion échouée : could not open port 'COM3': FileNotFoundError(2, 'Le fichier spécifié est introuvable.', None, 2) — retry dans 3.0s
2026-05-25 00:34:16 | INFO     | serial_manager       | Connexion sur COM3 @ 115200...
2026-05-25 00:34:16 | WARNING  | serial_manager       | Connexion échouée : could not open port 'COM3': FileNotFoundError(2, 'Le fichier spécifié est introuvable.', None, 2) — retry dans 3.0s
2026-05-25 00:34:19 | INFO     | serial_manager       | Connexion sur COM3 @ 115200...
2026-05-25 00:34:19 | WARNING  | serial_manager       | Connexion échouée : could not open port 'COM3': FileNotFoundError(2, 'Le fichier spécifié est introuvable.', None, 2) — retry dans 3.0s
2026-05-25 00:34:22 | INFO     | serial_manager       | Connexion sur COM3 @ 115200...
2026-05-25 00:34:22 | WARNING  | serial_manager       | Connexion échouée : could not open port 'COM3': FileNotFoundError(2, 'Le fichier spécifié est introuvable.', None, 2) — retry dans 3.0s
2026-05-25 00:34:25 | INFO     | serial_manager       | Connexion sur COM3 @ 115200...
2026-05-25 00:34:25 | WARNING  | serial_manager       | Connexion échouée : could not open port 'COM3': FileNotFoundError(2, 'Le fichier spécifié est introuvable.', None, 2) — retry dans 3.0s
2026-05-25 00:34:28 | INFO     | serial_manager       | Connexion sur COM3 @ 115200...
2026-05-25 00:34:28 | WARNING  | serial_manager       | Connexion échouée : could not open port 'COM3': FileNotFoundError(2, 'Le fichier spécifié est introuvable.', None, 2) — retry dans 3.0s
2026-05-25 00:34:31 | INFO     | serial_manager       | Connexion sur COM3 @ 115200...
2026-05-25 00:34:31 | WARNING  | serial_manager       | Connexion échouée : could not open port 'COM3': FileNotFoundError(2, 'Le fichier spécifié est introuvable.', None, 2) — retry dans 3.0s
2026-05-25 00:34:34 | INFO     | serial_manager       | Connexion sur COM3 @ 115200...
2026-05-25 00:34:34 | WARNING  | serial_manager       | Connexion échouée : could not open port 'COM3': FileNotFoundError(2, 'Le fichier spécifié est introuvable.', None, 2) — retry dans 3.0s
2026-05-25 00:34:37 | INFO     | serial_manager       | Connexion sur COM3 @ 115200...
2026-05-25 00:34:37 | WARNING  | serial_manager       | Connexion échouée : could not open port 'COM3': FileNotFoundError(2, 'Le fichier spécifié est introuvable.', None, 2) — retry dans 3.0s
2026-05-25 00:34:40 | INFO     | serial_manager       | Connexion sur COM3 @ 115200...
2026-05-25 00:34:40 | WARNING  | serial_manager       | Connexion échouée : could not open port 'COM3': FileNotFoundError(2, 'Le fichier spécifié est introuvable.', None, 2) — retry dans 3.0s
2026-05-25 00:34:43 | INFO     | serial_manager       | Connexion sur COM3 @ 115200...
2026-05-25 00:34:43 | WARNING  | serial_manager       | Connexion échouée : could not open port 'COM3': FileNotFoundError(2, 'Le fichier spécifié est introuvable.', None, 2) — retry dans 3.0s
2026-05-25 00:34:46 | INFO     | serial_manager       | Connexion sur COM3 @ 115200...
2026-05-25 00:34:46 | WARNING  | serial_manager       | Connexion échouée : could not open port 'COM3': FileNotFoundError(2, 'Le fichier spécifié est introuvable.', None, 2) — retry dans 3.0s
2026-05-25 00:34:49 | INFO     | serial_manager       | Connexion sur COM3 @ 115200...
2026-05-25 00:34:49 | WARNING  | serial_manager       | Connexion échouée : could not open port 'COM3': FileNotFoundError(2, 'Le fichier spécifié est introuvable.', None, 2) — retry dans 3.0s
2026-05-25 00:35:08 | INFO     | audio_manager        | Volume master initialisé
2026-05-25 00:35:08 | INFO     | audio_manager        | Microphone initialisé
2026-05-25 00:35:08 | INFO     | agent                | ============================================================
2026-05-25 00:35:08 | INFO     | agent                | Kore Deck — Agent PC v2.0
2026-05-25 00:35:08 | INFO     | agent                | Port : COM3 | WS : ws://localhost:8765
2026-05-25 00:35:08 | INFO     | agent                | ============================================================
2026-05-25 00:35:08 | INFO     | serial_manager       | Connexion sur COM3 @ 115200...
2026-05-25 00:35:08 | INFO     | serial_manager       | Threads série démarrés
2026-05-25 00:35:08 | WARNING  | serial_manager       | Connexion échouée : could not open port 'COM3': FileNotFoundError(2, 'Le fichier spécifié est introuvable.', None, 2) — retry dans 3.0s
2026-05-25 00:35:08 | INFO     | system_monitor       | HWiNFO non disponible — FPS désactivé
2026-05-25 00:35:11 | INFO     | serial_manager       | Connexion sur COM3 @ 115200...
2026-05-25 00:35:11 | WARNING  | serial_manager       | Connexion échouée : could not open port 'COM3': FileNotFoundError(2, 'Le fichier spécifié est introuvable.', None, 2) — retry dans 3.0s
2026-05-25 00:35:14 | INFO     | serial_manager       | Connexion sur COM3 @ 115200...
2026-05-25 00:35:14 | WARNING  | serial_manager       | Connexion échouée : could not open port 'COM3': FileNotFoundError(2, 'Le fichier spécifié est introuvable.', None, 2) — retry dans 3.0s
2026-05-25 00:35:17 | INFO     | serial_manager       | Connexion sur COM3 @ 115200...
2026-05-25 00:35:17 | WARNING  | serial_manager       | Connexion échouée : could not open port 'COM3': FileNotFoundError(2, 'Le fichier spécifié est introuvable.', None, 2) — retry dans 3.0s
2026-05-25 00:35:20 | INFO     | serial_manager       | Connexion sur COM3 @ 115200...
2026-05-25 00:35:20 | WARNING  | serial_manager       | Connexion échouée : could not open port 'COM3': FileNotFoundError(2, 'Le fichier spécifié est introuvable.', None, 2) — retry dans 3.0s
2026-05-25 00:35:23 | INFO     | serial_manager       | Connexion sur COM3 @ 115200...
2026-05-25 00:35:23 | WARNING  | serial_manager       | Connexion échouée : could not open port 'COM3': FileNotFoundError(2, 'Le fichier spécifié est introuvable.', None, 2) — retry dans 3.0s
2026-05-25 00:35:26 | INFO     | serial_manager       | Connexion sur COM3 @ 115200...
2026-05-25 00:35:26 | WARNING  | serial_manager       | Connexion échouée : could not open port 'COM3': FileNotFoundError(2, 'Le fichier spécifié est introuvable.', None, 2) — retry dans 3.0s
2026-05-25 00:35:29 | INFO     | serial_manager       | Connexion sur COM3 @ 115200...
2026-05-25 00:35:29 | WARNING  | serial_manager       | Connexion échouée : could not open port 'COM3': FileNotFoundError(2, 'Le fichier spécifié est introuvable.', None, 2) — retry dans 3.0s
2026-05-25 00:35:32 | INFO     | serial_manager       | Connexion sur COM3 @ 115200...
2026-05-25 00:35:32 | WARNING  | serial_manager       | Connexion échouée : could not open port 'COM3': FileNotFoundError(2, 'Le fichier spécifié est introuvable.', None, 2) — retry dans 3.0s
2026-05-25 00:35:35 | INFO     | serial_manager       | Connexion sur COM3 @ 115200...
2026-05-25 00:35:35 | WARNING  | serial_manager       | Connexion échouée : could not open port 'COM3': FileNotFoundError(2, 'Le fichier spécifié est introuvable.', None, 2) — retry dans 3.0s
2026-05-25 00:35:38 | INFO     | serial_manager       | Connexion sur COM3 @ 115200...
2026-05-25 00:35:38 | WARNING  | serial_manager       | Connexion échouée : could not open port 'COM3': FileNotFoundError(2, 'Le fichier spécifié est introuvable.', None, 2) — retry dans 3.0s
2026-05-25 00:35:41 | INFO     | serial_manager       | Connexion sur COM3 @ 115200...
2026-05-25 00:35:41 | WARNING  | serial_manager       | Connexion échouée : could not open port 'COM3': FileNotFoundError(2, 'Le fichier spécifié est introuvable.', None, 2) — retry dans 3.0s
2026-05-25 00:35:44 | INFO     | serial_manager       | Connexion sur COM3 @ 115200...
2026-05-25 00:35:44 | WARNING  | serial_manager       | Connexion échouée : could not open port 'COM3': FileNotFoundError(2, 'Le fichier spécifié est introuvable.', None, 2) — retry dans 3.0s
2026-05-25 00:35:47 | INFO     | serial_manager       | Connexion sur COM3 @ 115200...
2026-05-25 00:35:47 | WARNING  | serial_manager       | Connexion échouée : could not open port 'COM3': FileNotFoundError(2, 'Le fichier spécifié est introuvable.', None, 2) — retry dans 3.0s
2026-05-25 00:35:50 | INFO     | serial_manager       | Connexion sur COM3 @ 115200...
2026-05-25 00:35:50 | WARNING  | serial_manager       | Connexion échouée : could not open port 'COM3': FileNotFoundError(2, 'Le fichier spécifié est introuvable.', None, 2) — retry dans 3.0s
2026-05-25 00:35:53 | INFO     | serial_manager       | Connexion sur COM3 @ 115200...
2026-05-25 00:35:53 | WARNING  | serial_manager       | Connexion échouée : could not open port 'COM3': FileNotFoundError(2, 'Le fichier spécifié est introuvable.', None, 2) — retry dans 3.0s
2026-05-25 00:35:56 | INFO     | serial_manager       | Connexion sur COM3 @ 115200...
2026-05-25 00:35:56 | WARNING  | serial_manager       | Connexion échouée : could not open port 'COM3': FileNotFoundError(2, 'Le fichier spécifié est introuvable.', None, 2) — retry dans 3.0s
2026-05-25 00:35:59 | INFO     | serial_manager       | Connexion sur COM3 @ 115200...
2026-05-25 00:35:59 | WARNING  | serial_manager       | Connexion échouée : could not open port 'COM3': FileNotFoundError(2, 'Le fichier spécifié est introuvable.', None, 2) — retry dans 3.0s
2026-05-25 00:36:02 | INFO     | serial_manager       | Connexion sur COM3 @ 115200...
2026-05-25 00:36:02 | WARNING  | serial_manager       | Connexion échouée : could not open port 'COM3': FileNotFoundError(2, 'Le fichier spécifié est introuvable.', None, 2) — retry dans 3.0s
2026-05-25 00:36:05 | INFO     | serial_manager       | Connexion sur COM3 @ 115200...
2026-05-25 00:36:05 | WARNING  | serial_manager       | Connexion échouée : could not open port 'COM3': FileNotFoundError(2, 'Le fichier spécifié est introuvable.', None, 2) — retry dans 3.0s
2026-05-25 00:36:08 | INFO     | serial_manager       | Connexion sur COM3 @ 115200...
2026-05-25 00:36:08 | WARNING  | serial_manager       | Connexion échouée : could not open port 'COM3': FileNotFoundError(2, 'Le fichier spécifié est introuvable.', None, 2) — retry dans 3.0s
2026-05-25 00:36:11 | INFO     | serial_manager       | Connexion sur COM3 @ 115200...
2026-05-25 00:36:11 | WARNING  | serial_manager       | Connexion échouée : could not open port 'COM3': FileNotFoundError(2, 'Le fichier spécifié est introuvable.', None, 2) — retry dans 3.0s
2026-05-25 00:36:14 | INFO     | serial_manager       | Connexion sur COM3 @ 115200...
2026-05-25 00:36:14 | WARNING  | serial_manager       | Connexion échouée : could not open port 'COM3': FileNotFoundError(2, 'Le fichier spécifié est introuvable.', None, 2) — retry dans 3.0s
2026-05-25 00:36:17 | INFO     | serial_manager       | Connexion sur COM3 @ 115200...
2026-05-25 00:36:17 | WARNING  | serial_manager       | Connexion échouée : could not open port 'COM3': FileNotFoundError(2, 'Le fichier spécifié est introuvable.', None, 2) — retry dans 3.0s
2026-05-25 00:36:21 | INFO     | serial_manager       | Connexion sur COM3 @ 115200...
2026-05-25 00:36:21 | WARNING  | serial_manager       | Connexion échouée : could not open port 'COM3': FileNotFoundError(2, 'Le fichier spécifié est introuvable.', None, 2) — retry dans 3.0s
2026-05-25 00:36:24 | INFO     | serial_manager       | Connexion sur COM3 @ 115200...
2026-05-25 00:36:24 | WARNING  | serial_manager       | Connexion échouée : could not open port 'COM3': FileNotFoundError(2, 'Le fichier spécifié est introuvable.', None, 2) — retry dans 3.0s
2026-05-25 00:36:27 | INFO     | serial_manager       | Connexion sur COM3 @ 115200...
2026-05-25 00:36:27 | WARNING  | serial_manager       | Connexion échouée : could not open port 'COM3': FileNotFoundError(2, 'Le fichier spécifié est introuvable.', None, 2) — retry dans 3.0s
2026-05-25 00:36:30 | INFO     | serial_manager       | Connexion sur COM3 @ 115200...
2026-05-25 00:36:30 | WARNING  | serial_manager       | Connexion échouée : could not open port 'COM3': FileNotFoundError(2, 'Le fichier spécifié est introuvable.', None, 2) — retry dans 3.0s
2026-05-25 00:36:33 | INFO     | serial_manager       | Connexion sur COM3 @ 115200...
2026-05-25 00:36:33 | WARNING  | serial_manager       | Connexion échouée : could not open port 'COM3': FileNotFoundError(2, 'Le fichier spécifié est introuvable.', None, 2) — retry dans 3.0s
2026-05-25 00:36:36 | INFO     | serial_manager       | Connexion sur COM3 @ 115200...
2026-05-25 00:36:36 | WARNING  | serial_manager       | Connexion échouée : could not open port 'COM3': FileNotFoundError(2, 'Le fichier spécifié est introuvable.', None, 2) — retry dans 3.0s
2026-05-25 00:36:39 | INFO     | serial_manager       | Connexion sur COM3 @ 115200...
2026-05-25 00:36:39 | WARNING  | serial_manager       | Connexion échouée : could not open port 'COM3': FileNotFoundError(2, 'Le fichier spécifié est introuvable.', None, 2) — retry dans 3.0s
2026-05-25 00:36:42 | INFO     | serial_manager       | Connexion sur COM3 @ 115200...
2026-05-25 00:36:42 | WARNING  | serial_manager       | Connexion échouée : could not open port 'COM3': FileNotFoundError(2, 'Le fichier spécifié est introuvable.', None, 2) — retry dans 3.0s
2026-05-25 00:36:45 | INFO     | serial_manager       | Connexion sur COM3 @ 115200...
2026-05-25 00:36:45 | WARNING  | serial_manager       | Connexion échouée : could not open port 'COM3': FileNotFoundError(2, 'Le fichier spécifié est introuvable.', None, 2) — retry dans 3.0s
2026-05-25 00:36:48 | INFO     | serial_manager       | Connexion sur COM3 @ 115200...
2026-05-25 00:36:48 | WARNING  | serial_manager       | Connexion échouée : could not open port 'COM3': FileNotFoundError(2, 'Le fichier spécifié est introuvable.', None, 2) — retry dans 3.0s
2026-05-25 00:36:51 | INFO     | serial_manager       | Connexion sur COM3 @ 115200...
2026-05-25 00:36:51 | WARNING  | serial_manager       | Connexion échouée : could not open port 'COM3': FileNotFoundError(2, 'Le fichier spécifié est introuvable.', None, 2) — retry dans 3.0s
2026-05-25 00:36:54 | INFO     | serial_manager       | Connexion sur COM3 @ 115200...
2026-05-25 00:36:54 | WARNING  | serial_manager       | Connexion échouée : could not open port 'COM3': FileNotFoundError(2, 'Le fichier spécifié est introuvable.', None, 2) — retry dans 3.0s
2026-05-25 00:36:57 | INFO     | serial_manager       | Connexion sur COM3 @ 115200...
2026-05-25 00:36:57 | WARNING  | serial_manager       | Connexion échouée : could not open port 'COM3': FileNotFoundError(2, 'Le fichier spécifié est introuvable.', None, 2) — retry dans 3.0s
2026-05-25 00:37:00 | INFO     | serial_manager       | Connexion sur COM3 @ 115200...
2026-05-25 00:37:00 | WARNING  | serial_manager       | Connexion échouée : could not open port 'COM3': FileNotFoundError(2, 'Le fichier spécifié est introuvable.', None, 2) — retry dans 3.0s
2026-05-25 00:37:03 | INFO     | serial_manager       | Connexion sur COM3 @ 115200...
2026-05-25 00:37:03 | WARNING  | serial_manager       | Connexion échouée : could not open port 'COM3': FileNotFoundError(2, 'Le fichier spécifié est introuvable.', None, 2) — retry dans 3.0s
2026-05-25 00:37:06 | INFO     | serial_manager       | Connexion sur COM3 @ 115200...
2026-05-25 00:37:06 | WARNING  | serial_manager       | Connexion échouée : could not open port 'COM3': FileNotFoundError(2, 'Le fichier spécifié est introuvable.', None, 2) — retry dans 3.0s
2026-05-25 00:37:09 | INFO     | serial_manager       | Connexion sur COM3 @ 115200...
2026-05-25 00:37:09 | WARNING  | serial_manager       | Connexion échouée : could not open port 'COM3': FileNotFoundError(2, 'Le fichier spécifié est introuvable.', None, 2) — retry dans 3.0s
2026-05-25 00:37:12 | INFO     | serial_manager       | Connexion sur COM3 @ 115200...
2026-05-25 00:37:12 | WARNING  | serial_manager       | Connexion échouée : could not open port 'COM3': FileNotFoundError(2, 'Le fichier spécifié est introuvable.', None, 2) — retry dans 3.0s
2026-05-25 00:37:15 | INFO     | serial_manager       | Connexion sur COM3 @ 115200...
2026-05-25 00:37:15 | WARNING  | serial_manager       | Connexion échouée : could not open port 'COM3': FileNotFoundError(2, 'Le fichier spécifié est introuvable.', None, 2) — retry dans 3.0s
2026-05-25 00:37:18 | INFO     | serial_manager       | Connexion sur COM3 @ 115200...
2026-05-25 00:37:18 | WARNING  | serial_manager       | Connexion échouée : could not open port 'COM3': FileNotFoundError(2, 'Le fichier spécifié est introuvable.', None, 2) — retry dans 3.0s
2026-05-25 00:37:21 | INFO     | serial_manager       | Connexion sur COM3 @ 115200...
2026-05-25 00:37:21 | WARNING  | serial_manager       | Connexion échouée : could not open port 'COM3': FileNotFoundError(2, 'Le fichier spécifié est introuvable.', None, 2) — retry dans 3.0s
2026-05-25 00:37:24 | INFO     | serial_manager       | Connexion sur COM3 @ 115200...
2026-05-25 00:37:24 | WARNING  | serial_manager       | Connexion échouée : could not open port 'COM3': FileNotFoundError(2, 'Le fichier spécifié est introuvable.', None, 2) — retry dans 3.0s
2026-05-25 00:37:27 | INFO     | serial_manager       | Connexion sur COM3 @ 115200...
2026-05-25 00:37:27 | WARNING  | serial_manager       | Connexion échouée : could not open port 'COM3': FileNotFoundError(2, 'Le fichier spécifié est introuvable.', None, 2) — retry dans 3.0s
2026-05-25 00:37:30 | INFO     | serial_manager       | Connexion sur COM3 @ 115200...
2026-05-25 00:37:30 | WARNING  | serial_manager       | Connexion échouée : could not open port 'COM3': FileNotFoundError(2, 'Le fichier spécifié est introuvable.', None, 2) — retry dans 3.0s
2026-05-25 00:37:33 | INFO     | serial_manager       | Connexion sur COM3 @ 115200...
2026-05-25 00:37:33 | WARNING  | serial_manager       | Connexion échouée : could not open port 'COM3': FileNotFoundError(2, 'Le fichier spécifié est introuvable.', None, 2) — retry dans 3.0s
2026-05-25 00:37:36 | INFO     | serial_manager       | Connexion sur COM3 @ 115200...
2026-05-25 00:37:36 | WARNING  | serial_manager       | Connexion échouée : could not open port 'COM3': FileNotFoundError(2, 'Le fichier spécifié est introuvable.', None, 2) — retry dans 3.0s
2026-05-25 00:37:39 | INFO     | serial_manager       | Connexion sur COM3 @ 115200...
2026-05-25 00:37:39 | WARNING  | serial_manager       | Connexion échouée : could not open port 'COM3': FileNotFoundError(2, 'Le fichier spécifié est introuvable.', None, 2) — retry dans 3.0s
2026-05-25 00:37:42 | INFO     | serial_manager       | Connexion sur COM3 @ 115200...
2026-05-25 00:37:42 | WARNING  | serial_manager       | Connexion échouée : could not open port 'COM3': FileNotFoundError(2, 'Le fichier spécifié est introuvable.', None, 2) — retry dans 3.0s
2026-05-25 00:37:45 | INFO     | serial_manager       | Connexion sur COM3 @ 115200...
2026-05-25 00:37:45 | WARNING  | serial_manager       | Connexion échouée : could not open port 'COM3': FileNotFoundError(2, 'Le fichier spécifié est introuvable.', None, 2) — retry dans 3.0s
2026-05-25 00:37:48 | INFO     | serial_manager       | Connexion sur COM3 @ 115200...
2026-05-25 00:37:48 | WARNING  | serial_manager       | Connexion échouée : could not open port 'COM3': FileNotFoundError(2, 'Le fichier spécifié est introuvable.', None, 2) — retry dans 3.0s
2026-05-25 00:37:51 | INFO     | serial_manager       | Connexion sur COM3 @ 115200...
2026-05-25 00:37:51 | WARNING  | serial_manager       | Connexion échouée : could not open port 'COM3': FileNotFoundError(2, 'Le fichier spécifié est introuvable.', None, 2) — retry dans 3.0s
2026-05-25 00:37:54 | INFO     | serial_manager       | Connexion sur COM3 @ 115200...
2026-05-25 00:37:54 | WARNING  | serial_manager       | Connexion échouée : could not open port 'COM3': FileNotFoundError(2, 'Le fichier spécifié est introuvable.', None, 2) — retry dans 3.0s
2026-05-25 00:37:57 | INFO     | serial_manager       | Connexion sur COM3 @ 115200...
2026-05-25 00:37:57 | WARNING  | serial_manager       | Connexion échouée : could not open port 'COM3': FileNotFoundError(2, 'Le fichier spécifié est introuvable.', None, 2) — retry dans 3.0s
2026-05-25 00:38:00 | INFO     | serial_manager       | Connexion sur COM3 @ 115200...
2026-05-25 00:38:00 | WARNING  | serial_manager       | Connexion échouée : could not open port 'COM3': FileNotFoundError(2, 'Le fichier spécifié est introuvable.', None, 2) — retry dans 3.0s
2026-05-25 00:38:03 | INFO     | serial_manager       | Connexion sur COM3 @ 115200...
2026-05-25 00:38:03 | WARNING  | serial_manager       | Connexion échouée : could not open port 'COM3': FileNotFoundError(2, 'Le fichier spécifié est introuvable.', None, 2) — retry dans 3.0s
2026-05-25 00:38:06 | INFO     | serial_manager       | Connexion sur COM3 @ 115200...
2026-05-25 00:38:06 | WARNING  | serial_manager       | Connexion échouée : could not open port 'COM3': FileNotFoundError(2, 'Le fichier spécifié est introuvable.', None, 2) — retry dans 3.0s
2026-05-25 00:38:09 | INFO     | serial_manager       | Connexion sur COM3 @ 115200...
2026-05-25 00:38:09 | WARNING  | serial_manager       | Connexion échouée : could not open port 'COM3': FileNotFoundError(2, 'Le fichier spécifié est introuvable.', None, 2) — retry dans 3.0s
2026-05-25 00:38:12 | INFO     | serial_manager       | Connexion sur COM3 @ 115200...
2026-05-25 00:38:12 | WARNING  | serial_manager       | Connexion échouée : could not open port 'COM3': FileNotFoundError(2, 'Le fichier spécifié est introuvable.', None, 2) — retry dans 3.0s
2026-05-25 00:38:15 | INFO     | serial_manager       | Connexion sur COM3 @ 115200...
2026-05-25 00:38:15 | WARNING  | serial_manager       | Connexion échouée : could not open port 'COM3': FileNotFoundError(2, 'Le fichier spécifié est introuvable.', None, 2) — retry dans 3.0s
2026-05-25 00:38:18 | INFO     | serial_manager       | Connexion sur COM3 @ 115200...
2026-05-25 00:38:18 | WARNING  | serial_manager       | Connexion échouée : could not open port 'COM3': FileNotFoundError(2, 'Le fichier spécifié est introuvable.', None, 2) — retry dans 3.0s
2026-05-25 00:38:21 | INFO     | serial_manager       | Connexion sur COM3 @ 115200...
2026-05-25 00:38:21 | WARNING  | serial_manager       | Connexion échouée : could not open port 'COM3': FileNotFoundError(2, 'Le fichier spécifié est introuvable.', None, 2) — retry dans 3.0s
2026-05-25 00:38:24 | INFO     | serial_manager       | Connexion sur COM3 @ 115200...
2026-05-25 00:38:24 | WARNING  | serial_manager       | Connexion échouée : could not open port 'COM3': FileNotFoundError(2, 'Le fichier spécifié est introuvable.', None, 2) — retry dans 3.0s
2026-05-25 00:38:27 | INFO     | serial_manager       | Connexion sur COM3 @ 115200...
2026-05-25 00:38:27 | WARNING  | serial_manager       | Connexion échouée : could not open port 'COM3': FileNotFoundError(2, 'Le fichier spécifié est introuvable.', None, 2) — retry dans 3.0s
2026-05-25 00:38:30 | INFO     | serial_manager       | Connexion sur COM3 @ 115200...
2026-05-25 00:38:30 | WARNING  | serial_manager       | Connexion échouée : could not open port 'COM3': FileNotFoundError(2, 'Le fichier spécifié est introuvable.', None, 2) — retry dans 3.0s
2026-05-25 00:38:33 | INFO     | serial_manager       | Connexion sur COM3 @ 115200...
2026-05-25 00:38:33 | WARNING  | serial_manager       | Connexion échouée : could not open port 'COM3': FileNotFoundError(2, 'Le fichier spécifié est introuvable.', None, 2) — retry dans 3.0s
2026-05-25 00:38:36 | INFO     | serial_manager       | Connexion sur COM3 @ 115200...
2026-05-25 00:38:36 | WARNING  | serial_manager       | Connexion échouée : could not open port 'COM3': FileNotFoundError(2, 'Le fichier spécifié est introuvable.', None, 2) — retry dans 3.0s
2026-05-25 00:38:39 | INFO     | serial_manager       | Connexion sur COM3 @ 115200...
2026-05-25 00:38:39 | WARNING  | serial_manager       | Connexion échouée : could not open port 'COM3': FileNotFoundError(2, 'Le fichier spécifié est introuvable.', None, 2) — retry dans 3.0s
2026-05-25 00:38:42 | INFO     | serial_manager       | Connexion sur COM3 @ 115200...
2026-05-25 00:38:42 | WARNING  | serial_manager       | Connexion échouée : could not open port 'COM3': FileNotFoundError(2, 'Le fichier spécifié est introuvable.', None, 2) — retry dans 3.0s
2026-05-25 00:38:45 | INFO     | serial_manager       | Connexion sur COM3 @ 115200...
2026-05-25 00:38:45 | WARNING  | serial_manager       | Connexion échouée : could not open port 'COM3': FileNotFoundError(2, 'Le fichier spécifié est introuvable.', None, 2) — retry dans 3.0s
2026-05-25 00:38:48 | INFO     | serial_manager       | Connexion sur COM3 @ 115200...
2026-05-25 00:38:48 | WARNING  | serial_manager       | Connexion échouée : could not open port 'COM3': FileNotFoundError(2, 'Le fichier spécifié est introuvable.', None, 2) — retry dans 3.0s
2026-05-25 00:38:51 | INFO     | serial_manager       | Connexion sur COM3 @ 115200...
2026-05-25 00:38:51 | WARNING  | serial_manager       | Connexion échouée : could not open port 'COM3': FileNotFoundError(2, 'Le fichier spécifié est introuvable.', None, 2) — retry dans 3.0s
2026-05-25 00:38:54 | INFO     | serial_manager       | Connexion sur COM3 @ 115200...
2026-05-25 00:38:54 | WARNING  | serial_manager       | Connexion échouée : could not open port 'COM3': FileNotFoundError(2, 'Le fichier spécifié est introuvable.', None, 2) — retry dans 3.0s
2026-05-25 00:38:57 | INFO     | serial_manager       | Connexion sur COM3 @ 115200...
2026-05-25 00:38:57 | WARNING  | serial_manager       | Connexion échouée : could not open port 'COM3': FileNotFoundError(2, 'Le fichier spécifié est introuvable.', None, 2) — retry dans 3.0s
2026-05-25 00:39:00 | INFO     | serial_manager       | Connexion sur COM3 @ 115200...
2026-05-25 00:39:00 | WARNING  | serial_manager       | Connexion échouée : could not open port 'COM3': FileNotFoundError(2, 'Le fichier spécifié est introuvable.', None, 2) — retry dans 3.0s
2026-05-25 00:39:03 | INFO     | serial_manager       | Connexion sur COM3 @ 115200...
2026-05-25 00:39:03 | WARNING  | serial_manager       | Connexion échouée : could not open port 'COM3': FileNotFoundError(2, 'Le fichier spécifié est introuvable.', None, 2) — retry dans 3.0s
2026-05-25 00:39:06 | INFO     | serial_manager       | Connexion sur COM3 @ 115200...
2026-05-25 00:39:06 | WARNING  | serial_manager       | Connexion échouée : could not open port 'COM3': FileNotFoundError(2, 'Le fichier spécifié est introuvable.', None, 2) — retry dans 3.0s
2026-05-25 00:39:09 | INFO     | serial_manager       | Connexion sur COM3 @ 115200...
2026-05-25 00:39:09 | WARNING  | serial_manager       | Connexion échouée : could not open port 'COM3': FileNotFoundError(2, 'Le fichier spécifié est introuvable.', None, 2) — retry dans 3.0s
2026-05-25 00:39:12 | INFO     | serial_manager       | Connexion sur COM3 @ 115200...
2026-05-25 00:39:12 | WARNING  | serial_manager       | Connexion échouée : could not open port 'COM3': FileNotFoundError(2, 'Le fichier spécifié est introuvable.', None, 2) — retry dans 3.0s
2026-05-25 00:39:15 | INFO     | serial_manager       | Connexion sur COM3 @ 115200...
2026-05-25 00:39:15 | WARNING  | serial_manager       | Connexion échouée : could not open port 'COM3': FileNotFoundError(2, 'Le fichier spécifié est introuvable.', None, 2) — retry dans 3.0s
2026-05-25 00:39:18 | INFO     | serial_manager       | Connexion sur COM3 @ 115200...
2026-05-25 00:39:18 | WARNING  | serial_manager       | Connexion échouée : could not open port 'COM3': FileNotFoundError(2, 'Le fichier spécifié est introuvable.', None, 2) — retry dans 3.0s
2026-05-25 00:39:21 | INFO     | serial_manager       | Connexion sur COM3 @ 115200...
2026-05-25 00:39:21 | WARNING  | serial_manager       | Connexion échouée : could not open port 'COM3': FileNotFoundError(2, 'Le fichier spécifié est introuvable.', None, 2) — retry dans 3.0s
2026-05-25 00:39:24 | INFO     | serial_manager       | Connexion sur COM3 @ 115200...
2026-05-25 00:39:24 | WARNING  | serial_manager       | Connexion échouée : could not open port 'COM3': FileNotFoundError(2, 'Le fichier spécifié est introuvable.', None, 2) — retry dans 3.0s
2026-05-25 00:39:27 | INFO     | serial_manager       | Connexion sur COM3 @ 115200...
2026-05-25 00:39:27 | WARNING  | serial_manager       | Connexion échouée : could not open port 'COM3': FileNotFoundError(2, 'Le fichier spécifié est introuvable.', None, 2) — retry dans 3.0s
2026-05-25 00:39:30 | INFO     | serial_manager       | Connexion sur COM3 @ 115200...
2026-05-25 00:39:30 | WARNING  | serial_manager       | Connexion échouée : could not open port 'COM3': FileNotFoundError(2, 'Le fichier spécifié est introuvable.', None, 2) — retry dans 3.0s
2026-05-25 00:39:33 | INFO     | serial_manager       | Connexion sur COM3 @ 115200...
2026-05-25 00:39:33 | WARNING  | serial_manager       | Connexion échouée : could not open port 'COM3': FileNotFoundError(2, 'Le fichier spécifié est introuvable.', None, 2) — retry dans 3.0s
2026-05-25 00:39:36 | INFO     | serial_manager       | Connexion sur COM3 @ 115200...
2026-05-25 00:39:36 | WARNING  | serial_manager       | Connexion échouée : could not open port 'COM3': FileNotFoundError(2, 'Le fichier spécifié est introuvable.', None, 2) — retry dans 3.0s
2026-05-25 00:39:39 | INFO     | serial_manager       | Connexion sur COM3 @ 115200...
2026-05-25 00:39:39 | WARNING  | serial_manager       | Connexion échouée : could not open port 'COM3': FileNotFoundError(2, 'Le fichier spécifié est introuvable.', None, 2) — retry dans 3.0s
2026-05-25 00:39:42 | INFO     | serial_manager       | Connexion sur COM3 @ 115200...
2026-05-25 00:39:42 | WARNING  | serial_manager       | Connexion échouée : could not open port 'COM3': FileNotFoundError(2, 'Le fichier spécifié est introuvable.', None, 2) — retry dans 3.0s
2026-05-25 00:39:45 | INFO     | serial_manager       | Connexion sur COM3 @ 115200...
2026-05-25 00:39:45 | WARNING  | serial_manager       | Connexion échouée : could not open port 'COM3': FileNotFoundError(2, 'Le fichier spécifié est introuvable.', None, 2) — retry dans 3.0s
2026-05-25 00:39:48 | INFO     | serial_manager       | Connexion sur COM3 @ 115200...
2026-05-25 00:39:48 | WARNING  | serial_manager       | Connexion échouée : could not open port 'COM3': FileNotFoundError(2, 'Le fichier spécifié est introuvable.', None, 2) — retry dans 3.0s
2026-05-25 00:39:51 | INFO     | serial_manager       | Connexion sur COM3 @ 115200...
2026-05-25 00:39:51 | WARNING  | serial_manager       | Connexion échouée : could not open port 'COM3': FileNotFoundError(2, 'Le fichier spécifié est introuvable.', None, 2) — retry dans 3.0s
2026-05-25 00:39:54 | INFO     | serial_manager       | Connexion sur COM3 @ 115200...
2026-05-25 00:39:54 | WARNING  | serial_manager       | Connexion échouée : could not open port 'COM3': FileNotFoundError(2, 'Le fichier spécifié est introuvable.', None, 2) — retry dans 3.0s
2026-05-25 00:39:57 | INFO     | serial_manager       | Connexion sur COM3 @ 115200...
2026-05-25 00:39:57 | WARNING  | serial_manager       | Connexion échouée : could not open port 'COM3': FileNotFoundError(2, 'Le fichier spécifié est introuvable.', None, 2) — retry dans 3.0s
2026-05-25 00:40:00 | INFO     | serial_manager       | Connexion sur COM3 @ 115200...
2026-05-25 00:40:00 | WARNING  | serial_manager       | Connexion échouée : could not open port 'COM3': FileNotFoundError(2, 'Le fichier spécifié est introuvable.', None, 2) — retry dans 3.0s
2026-05-25 00:40:03 | INFO     | serial_manager       | Connexion sur COM3 @ 115200...
2026-05-25 00:40:03 | WARNING  | serial_manager       | Connexion échouée : could not open port 'COM3': FileNotFoundError(2, 'Le fichier spécifié est introuvable.', None, 2) — retry dans 3.0s
2026-05-25 00:40:06 | INFO     | serial_manager       | Connexion sur COM3 @ 115200...
2026-05-25 00:40:06 | WARNING  | serial_manager       | Connexion échouée : could not open port 'COM3': FileNotFoundError(2, 'Le fichier spécifié est introuvable.', None, 2) — retry dans 3.0s
2026-05-25 00:40:09 | INFO     | serial_manager       | Connexion sur COM3 @ 115200...
2026-05-25 00:40:09 | WARNING  | serial_manager       | Connexion échouée : could not open port 'COM3': FileNotFoundError(2, 'Le fichier spécifié est introuvable.', None, 2) — retry dans 3.0s
2026-05-25 00:40:12 | INFO     | serial_manager       | Connexion sur COM3 @ 115200...
2026-05-25 00:40:12 | WARNING  | serial_manager       | Connexion échouée : could not open port 'COM3': FileNotFoundError(2, 'Le fichier spécifié est introuvable.', None, 2) — retry dans 3.0s
2026-05-25 00:40:15 | INFO     | serial_manager       | Connexion sur COM3 @ 115200...
2026-05-25 00:40:15 | WARNING  | serial_manager       | Connexion échouée : could not open port 'COM3': FileNotFoundError(2, 'Le fichier spécifié est introuvable.', None, 2) — retry dans 3.0s
2026-05-25 00:40:18 | INFO     | serial_manager       | Connexion sur COM3 @ 115200...
2026-05-25 00:40:18 | WARNING  | serial_manager       | Connexion échouée : could not open port 'COM3': FileNotFoundError(2, 'Le fichier spécifié est introuvable.', None, 2) — retry dans 3.0s
2026-05-25 00:40:21 | INFO     | serial_manager       | Connexion sur COM3 @ 115200...
2026-05-25 00:40:21 | WARNING  | serial_manager       | Connexion échouée : could not open port 'COM3': FileNotFoundError(2, 'Le fichier spécifié est introuvable.', None, 2) — retry dans 3.0s
2026-05-25 00:40:24 | INFO     | serial_manager       | Connexion sur COM3 @ 115200...
2026-05-25 00:40:24 | WARNING  | serial_manager       | Connexion échouée : could not open port 'COM3': FileNotFoundError(2, 'Le fichier spécifié est introuvable.', None, 2) — retry dans 3.0s
2026-05-25 00:40:27 | INFO     | serial_manager       | Connexion sur COM3 @ 115200...
2026-05-25 00:40:28 | WARNING  | serial_manager       | Connexion échouée : could not open port 'COM3': FileNotFoundError(2, 'Le fichier spécifié est introuvable.', None, 2) — retry dans 3.0s
2026-05-25 00:40:31 | INFO     | serial_manager       | Connexion sur COM3 @ 115200...
2026-05-25 00:40:31 | WARNING  | serial_manager       | Connexion échouée : could not open port 'COM3': FileNotFoundError(2, 'Le fichier spécifié est introuvable.', None, 2) — retry dans 3.0s
2026-05-25 00:40:34 | INFO     | serial_manager       | Connexion sur COM3 @ 115200...
2026-05-25 00:40:34 | WARNING  | serial_manager       | Connexion échouée : could not open port 'COM3': FileNotFoundError(2, 'Le fichier spécifié est introuvable.', None, 2) — retry dans 3.0s
2026-05-25 00:40:37 | INFO     | serial_manager       | Connexion sur COM3 @ 115200...
2026-05-25 00:40:37 | WARNING  | serial_manager       | Connexion échouée : could not open port 'COM3': FileNotFoundError(2, 'Le fichier spécifié est introuvable.', None, 2) — retry dans 3.0s
2026-05-25 00:40:40 | INFO     | serial_manager       | Connexion sur COM3 @ 115200...
2026-05-25 00:40:40 | WARNING  | serial_manager       | Connexion échouée : could not open port 'COM3': FileNotFoundError(2, 'Le fichier spécifié est introuvable.', None, 2) — retry dans 3.0s
2026-05-25 00:40:43 | INFO     | serial_manager       | Connexion sur COM3 @ 115200...
2026-05-25 00:40:43 | WARNING  | serial_manager       | Connexion échouée : could not open port 'COM3': FileNotFoundError(2, 'Le fichier spécifié est introuvable.', None, 2) — retry dans 3.0s
2026-05-25 00:40:46 | INFO     | serial_manager       | Connexion sur COM3 @ 115200...
2026-05-25 00:40:46 | WARNING  | serial_manager       | Connexion échouée : could not open port 'COM3': FileNotFoundError(2, 'Le fichier spécifié est introuvable.', None, 2) — retry dans 3.0s
2026-05-25 00:40:47 | INFO     | audio_manager        | Volume master initialisé
2026-05-25 00:40:47 | INFO     | audio_manager        | Microphone initialisé
2026-05-25 00:40:47 | INFO     | agent                | ============================================================
2026-05-25 00:40:47 | INFO     | agent                | Kore Deck — Agent PC v2.0
2026-05-25 00:40:47 | INFO     | agent                | Port : COM3 | WS : ws://localhost:8765
2026-05-25 00:40:47 | INFO     | agent                | ============================================================
2026-05-25 00:40:47 | INFO     | serial_manager       | Connexion sur COM3 @ 115200...
2026-05-25 00:40:47 | WARNING  | serial_manager       | Connexion échouée : could not open port 'COM3': FileNotFoundError(2, 'Le fichier spécifié est introuvable.', None, 2) — retry dans 3.0s
2026-05-25 00:40:47 | INFO     | serial_manager       | Threads série démarrés
2026-05-25 00:40:48 | INFO     | system_monitor       | HWiNFO non disponible — FPS désactivé
2026-05-25 00:40:49 | INFO     | serial_manager       | Connexion sur COM3 @ 115200...
2026-05-25 00:40:49 | WARNING  | serial_manager       | Connexion échouée : could not open port 'COM3': FileNotFoundError(2, 'Le fichier spécifié est introuvable.', None, 2) — retry dans 3.0s
2026-05-25 00:40:50 | INFO     | serial_manager       | Connexion sur COM3 @ 115200...
2026-05-25 00:40:50 | WARNING  | serial_manager       | Connexion échouée : could not open port 'COM3': FileNotFoundError(2, 'Le fichier spécifié est introuvable.', None, 2) — retry dans 3.0s
2026-05-25 00:40:52 | INFO     | serial_manager       | Connexion sur COM3 @ 115200...
2026-05-25 00:40:52 | WARNING  | serial_manager       | Connexion échouée : could not open port 'COM3': FileNotFoundError(2, 'Le fichier spécifié est introuvable.', None, 2) — retry dans 3.0s
2026-05-25 00:40:53 | INFO     | serial_manager       | Connexion sur COM3 @ 115200...
2026-05-25 00:40:54 | WARNING  | serial_manager       | Connexion échouée : could not open port 'COM3': FileNotFoundError(2, 'Le fichier spécifié est introuvable.', None, 2) — retry dans 3.0s
2026-05-25 00:40:55 | INFO     | serial_manager       | Connexion sur COM3 @ 115200...
2026-05-25 00:40:55 | WARNING  | serial_manager       | Connexion échouée : could not open port 'COM3': FileNotFoundError(2, 'Le fichier spécifié est introuvable.', None, 2) — retry dans 3.0s
2026-05-25 00:40:57 | INFO     | serial_manager       | Connexion sur COM3 @ 115200...
2026-05-25 00:40:57 | WARNING  | serial_manager       | Connexion échouée : could not open port 'COM3': FileNotFoundError(2, 'Le fichier spécifié est introuvable.', None, 2) — retry dans 3.0s
2026-05-25 00:40:58 | INFO     | serial_manager       | Connexion sur COM3 @ 115200...
2026-05-25 00:40:58 | WARNING  | serial_manager       | Connexion échouée : could not open port 'COM3': FileNotFoundError(2, 'Le fichier spécifié est introuvable.', None, 2) — retry dans 3.0s
2026-05-25 00:41:00 | INFO     | serial_manager       | Connexion sur COM3 @ 115200...
2026-05-25 00:41:00 | WARNING  | serial_manager       | Connexion échouée : could not open port 'COM3': FileNotFoundError(2, 'Le fichier spécifié est introuvable.', None, 2) — retry dans 3.0s
2026-05-25 00:41:01 | INFO     | serial_manager       | Connexion sur COM3 @ 115200...
2026-05-25 00:41:01 | WARNING  | serial_manager       | Connexion échouée : could not open port 'COM3': FileNotFoundError(2, 'Le fichier spécifié est introuvable.', None, 2) — retry dans 3.0s
2026-05-25 00:41:03 | INFO     | serial_manager       | Connexion sur COM3 @ 115200...
2026-05-25 00:41:03 | WARNING  | serial_manager       | Connexion échouée : could not open port 'COM3': FileNotFoundError(2, 'Le fichier spécifié est introuvable.', None, 2) — retry dans 3.0s
2026-05-25 00:41:04 | INFO     | serial_manager       | Connexion sur COM3 @ 115200...
2026-05-25 00:41:04 | WARNING  | serial_manager       | Connexion échouée : could not open port 'COM3': FileNotFoundError(2, 'Le fichier spécifié est introuvable.', None, 2) — retry dans 3.0s
2026-05-25 00:41:06 | INFO     | serial_manager       | Connexion sur COM3 @ 115200...
2026-05-25 00:41:06 | WARNING  | serial_manager       | Connexion échouée : could not open port 'COM3': FileNotFoundError(2, 'Le fichier spécifié est introuvable.', None, 2) — retry dans 3.0s
2026-05-25 00:41:07 | INFO     | serial_manager       | Connexion sur COM3 @ 115200...
2026-05-25 00:41:07 | WARNING  | serial_manager       | Connexion échouée : could not open port 'COM3': FileNotFoundError(2, 'Le fichier spécifié est introuvable.', None, 2) — retry dans 3.0s
2026-05-25 00:41:09 | INFO     | serial_manager       | Connexion sur COM3 @ 115200...
2026-05-25 00:41:09 | WARNING  | serial_manager       | Connexion échouée : could not open port 'COM3': FileNotFoundError(2, 'Le fichier spécifié est introuvable.', None, 2) — retry dans 3.0s
2026-05-25 00:41:10 | INFO     | serial_manager       | Connexion sur COM3 @ 115200...
2026-05-25 00:41:10 | WARNING  | serial_manager       | Connexion échouée : could not open port 'COM3': FileNotFoundError(2, 'Le fichier spécifié est introuvable.', None, 2) — retry dans 3.0s
2026-05-25 00:41:12 | INFO     | serial_manager       | Connexion sur COM3 @ 115200...
2026-05-25 00:41:12 | WARNING  | serial_manager       | Connexion échouée : could not open port 'COM3': FileNotFoundError(2, 'Le fichier spécifié est introuvable.', None, 2) — retry dans 3.0s
2026-05-25 00:41:13 | INFO     | serial_manager       | Connexion sur COM3 @ 115200...
2026-05-25 00:41:13 | WARNING  | serial_manager       | Connexion échouée : could not open port 'COM3': FileNotFoundError(2, 'Le fichier spécifié est introuvable.', None, 2) — retry dans 3.0s
2026-05-25 00:41:15 | INFO     | serial_manager       | Connexion sur COM3 @ 115200...
2026-05-25 00:41:15 | WARNING  | serial_manager       | Connexion échouée : could not open port 'COM3': FileNotFoundError(2, 'Le fichier spécifié est introuvable.', None, 2) — retry dans 3.0s
2026-05-25 00:41:16 | INFO     | serial_manager       | Connexion sur COM3 @ 115200...
2026-05-25 00:41:16 | WARNING  | serial_manager       | Connexion échouée : could not open port 'COM3': FileNotFoundError(2, 'Le fichier spécifié est introuvable.', None, 2) — retry dans 3.0s
2026-05-25 00:41:18 | INFO     | serial_manager       | Connexion sur COM3 @ 115200...
2026-05-25 00:41:18 | WARNING  | serial_manager       | Connexion échouée : could not open port 'COM3': FileNotFoundError(2, 'Le fichier spécifié est introuvable.', None, 2) — retry dans 3.0s
2026-05-25 00:41:19 | INFO     | serial_manager       | Connexion sur COM3 @ 115200...
2026-05-25 00:41:19 | WARNING  | serial_manager       | Connexion échouée : could not open port 'COM3': FileNotFoundError(2, 'Le fichier spécifié est introuvable.', None, 2) — retry dans 3.0s
2026-05-25 00:41:21 | INFO     | serial_manager       | Connexion sur COM3 @ 115200...
2026-05-25 00:41:21 | WARNING  | serial_manager       | Connexion échouée : could not open port 'COM3': FileNotFoundError(2, 'Le fichier spécifié est introuvable.', None, 2) — retry dans 3.0s
2026-05-25 00:41:22 | INFO     | serial_manager       | Connexion sur COM3 @ 115200...
2026-05-25 00:41:22 | WARNING  | serial_manager       | Connexion échouée : could not open port 'COM3': FileNotFoundError(2, 'Le fichier spécifié est introuvable.', None, 2) — retry dans 3.0s
2026-05-25 00:41:24 | INFO     | serial_manager       | Connexion sur COM3 @ 115200...
2026-05-25 00:41:24 | WARNING  | serial_manager       | Connexion échouée : could not open port 'COM3': FileNotFoundError(2, 'Le fichier spécifié est introuvable.', None, 2) — retry dans 3.0s
2026-05-25 00:41:25 | INFO     | serial_manager       | Connexion sur COM3 @ 115200...
2026-05-25 00:41:25 | WARNING  | serial_manager       | Connexion échouée : could not open port 'COM3': FileNotFoundError(2, 'Le fichier spécifié est introuvable.', None, 2) — retry dans 3.0s
2026-05-25 00:41:27 | INFO     | serial_manager       | Connexion sur COM3 @ 115200...
2026-05-25 00:41:27 | WARNING  | serial_manager       | Connexion échouée : could not open port 'COM3': FileNotFoundError(2, 'Le fichier spécifié est introuvable.', None, 2) — retry dans 3.0s
2026-05-25 00:41:28 | INFO     | serial_manager       | Connexion sur COM3 @ 115200...
2026-05-25 00:41:28 | WARNING  | serial_manager       | Connexion échouée : could not open port 'COM3': FileNotFoundError(2, 'Le fichier spécifié est introuvable.', None, 2) — retry dans 3.0s
2026-05-25 00:41:30 | INFO     | serial_manager       | Connexion sur COM3 @ 115200...
2026-05-25 00:41:30 | WARNING  | serial_manager       | Connexion échouée : could not open port 'COM3': FileNotFoundError(2, 'Le fichier spécifié est introuvable.', None, 2) — retry dans 3.0s
2026-05-25 00:41:31 | INFO     | serial_manager       | Connexion sur COM3 @ 115200...
2026-05-25 00:41:31 | WARNING  | serial_manager       | Connexion échouée : could not open port 'COM3': FileNotFoundError(2, 'Le fichier spécifié est introuvable.', None, 2) — retry dans 3.0s
2026-05-25 00:41:33 | INFO     | serial_manager       | Connexion sur COM3 @ 115200...
2026-05-25 00:41:33 | WARNING  | serial_manager       | Connexion échouée : could not open port 'COM3': FileNotFoundError(2, 'Le fichier spécifié est introuvable.', None, 2) — retry dans 3.0s
2026-05-25 00:41:34 | INFO     | serial_manager       | Connexion sur COM3 @ 115200...
2026-05-25 00:41:34 | WARNING  | serial_manager       | Connexion échouée : could not open port 'COM3': FileNotFoundError(2, 'Le fichier spécifié est introuvable.', None, 2) — retry dans 3.0s
2026-05-25 00:41:36 | INFO     | serial_manager       | Connexion sur COM3 @ 115200...
2026-05-25 00:41:36 | WARNING  | serial_manager       | Connexion échouée : could not open port 'COM3': FileNotFoundError(2, 'Le fichier spécifié est introuvable.', None, 2) — retry dans 3.0s
2026-05-25 00:41:37 | INFO     | serial_manager       | Connexion sur COM3 @ 115200...
2026-05-25 00:41:37 | WARNING  | serial_manager       | Connexion échouée : could not open port 'COM3': FileNotFoundError(2, 'Le fichier spécifié est introuvable.', None, 2) — retry dans 3.0s
2026-05-25 00:41:39 | INFO     | serial_manager       | Connexion sur COM3 @ 115200...
2026-05-25 00:41:39 | WARNING  | serial_manager       | Connexion échouée : could not open port 'COM3': FileNotFoundError(2, 'Le fichier spécifié est introuvable.', None, 2) — retry dans 3.0s
2026-05-25 00:41:40 | INFO     | serial_manager       | Connexion sur COM3 @ 115200...
2026-05-25 00:41:40 | WARNING  | serial_manager       | Connexion échouée : could not open port 'COM3': FileNotFoundError(2, 'Le fichier spécifié est introuvable.', None, 2) — retry dans 3.0s
2026-05-25 00:41:42 | INFO     | serial_manager       | Connexion sur COM3 @ 115200...
2026-05-25 00:41:42 | WARNING  | serial_manager       | Connexion échouée : could not open port 'COM3': FileNotFoundError(2, 'Le fichier spécifié est introuvable.', None, 2) — retry dans 3.0s
2026-05-25 00:41:43 | INFO     | serial_manager       | Connexion sur COM3 @ 115200...
2026-05-25 00:41:43 | WARNING  | serial_manager       | Connexion échouée : could not open port 'COM3': FileNotFoundError(2, 'Le fichier spécifié est introuvable.', None, 2) — retry dans 3.0s
2026-05-25 00:41:45 | INFO     | serial_manager       | Connexion sur COM3 @ 115200...
2026-05-25 00:41:45 | WARNING  | serial_manager       | Connexion échouée : could not open port 'COM3': FileNotFoundError(2, 'Le fichier spécifié est introuvable.', None, 2) — retry dans 3.0s
2026-05-25 00:41:46 | INFO     | serial_manager       | Connexion sur COM3 @ 115200...
2026-05-25 00:41:46 | WARNING  | serial_manager       | Connexion échouée : could not open port 'COM3': FileNotFoundError(2, 'Le fichier spécifié est introuvable.', None, 2) — retry dans 3.0s
2026-05-25 00:41:48 | INFO     | serial_manager       | Connexion sur COM3 @ 115200...
2026-05-25 00:41:48 | WARNING  | serial_manager       | Connexion échouée : could not open port 'COM3': FileNotFoundError(2, 'Le fichier spécifié est introuvable.', None, 2) — retry dans 3.0s
2026-05-25 00:41:49 | INFO     | serial_manager       | Connexion sur COM3 @ 115200...
2026-05-25 00:41:49 | WARNING  | serial_manager       | Connexion échouée : could not open port 'COM3': FileNotFoundError(2, 'Le fichier spécifié est introuvable.', None, 2) — retry dans 3.0s
2026-05-25 00:41:51 | INFO     | serial_manager       | Connexion sur COM3 @ 115200...
2026-05-25 00:41:51 | WARNING  | serial_manager       | Connexion échouée : could not open port 'COM3': FileNotFoundError(2, 'Le fichier spécifié est introuvable.', None, 2) — retry dans 3.0s
2026-05-25 00:41:52 | INFO     | serial_manager       | Connexion sur COM3 @ 115200...
2026-05-25 00:41:52 | WARNING  | serial_manager       | Connexion échouée : could not open port 'COM3': FileNotFoundError(2, 'Le fichier spécifié est introuvable.', None, 2) — retry dans 3.0s
2026-05-25 00:41:54 | INFO     | serial_manager       | Connexion sur COM3 @ 115200...
2026-05-25 00:41:54 | WARNING  | serial_manager       | Connexion échouée : could not open port 'COM3': FileNotFoundError(2, 'Le fichier spécifié est introuvable.', None, 2) — retry dans 3.0s
2026-05-25 00:41:55 | INFO     | serial_manager       | Connexion sur COM3 @ 115200...
2026-05-25 00:41:55 | WARNING  | serial_manager       | Connexion échouée : could not open port 'COM3': FileNotFoundError(2, 'Le fichier spécifié est introuvable.', None, 2) — retry dans 3.0s
2026-05-25 00:41:57 | INFO     | serial_manager       | Connexion sur COM3 @ 115200...
2026-05-25 00:41:57 | WARNING  | serial_manager       | Connexion échouée : could not open port 'COM3': FileNotFoundError(2, 'Le fichier spécifié est introuvable.', None, 2) — retry dans 3.0s
2026-05-25 00:41:58 | INFO     | serial_manager       | Connexion sur COM3 @ 115200...
2026-05-25 00:41:58 | WARNING  | serial_manager       | Connexion échouée : could not open port 'COM3': FileNotFoundError(2, 'Le fichier spécifié est introuvable.', None, 2) — retry dans 3.0s
2026-05-25 00:42:00 | INFO     | serial_manager       | Connexion sur COM3 @ 115200...
2026-05-25 00:42:00 | WARNING  | serial_manager       | Connexion échouée : could not open port 'COM3': FileNotFoundError(2, 'Le fichier spécifié est introuvable.', None, 2) — retry dans 3.0s
2026-05-25 00:42:01 | INFO     | serial_manager       | Connexion sur COM3 @ 115200...
2026-05-25 00:42:01 | WARNING  | serial_manager       | Connexion échouée : could not open port 'COM3': FileNotFoundError(2, 'Le fichier spécifié est introuvable.', None, 2) — retry dans 3.0s
2026-05-25 00:42:03 | INFO     | serial_manager       | Connexion sur COM3 @ 115200...
2026-05-25 00:42:03 | WARNING  | serial_manager       | Connexion échouée : could not open port 'COM3': FileNotFoundError(2, 'Le fichier spécifié est introuvable.', None, 2) — retry dans 3.0s
2026-05-25 00:42:04 | INFO     | serial_manager       | Connexion sur COM3 @ 115200...
2026-05-25 00:42:04 | WARNING  | serial_manager       | Connexion échouée : could not open port 'COM3': FileNotFoundError(2, 'Le fichier spécifié est introuvable.', None, 2) — retry dans 3.0s
2026-05-25 00:42:06 | INFO     | serial_manager       | Connexion sur COM3 @ 115200...
2026-05-25 00:42:06 | WARNING  | serial_manager       | Connexion échouée : could not open port 'COM3': FileNotFoundError(2, 'Le fichier spécifié est introuvable.', None, 2) — retry dans 3.0s
2026-05-25 00:42:07 | INFO     | serial_manager       | Connexion sur COM3 @ 115200...
2026-05-25 00:42:07 | WARNING  | serial_manager       | Connexion échouée : could not open port 'COM3': FileNotFoundError(2, 'Le fichier spécifié est introuvable.', None, 2) — retry dans 3.0s
2026-05-25 00:42:09 | INFO     | serial_manager       | Connexion sur COM3 @ 115200...
2026-05-25 00:42:09 | WARNING  | serial_manager       | Connexion échouée : could not open port 'COM3': FileNotFoundError(2, 'Le fichier spécifié est introuvable.', None, 2) — retry dans 3.0s
2026-05-25 00:42:10 | INFO     | serial_manager       | Connexion sur COM3 @ 115200...
2026-05-25 00:42:10 | WARNING  | serial_manager       | Connexion échouée : could not open port 'COM3': FileNotFoundError(2, 'Le fichier spécifié est introuvable.', None, 2) — retry dans 3.0s
2026-05-25 00:42:12 | INFO     | serial_manager       | Connexion sur COM3 @ 115200...
2026-05-25 00:42:12 | WARNING  | serial_manager       | Connexion échouée : could not open port 'COM3': FileNotFoundError(2, 'Le fichier spécifié est introuvable.', None, 2) — retry dans 3.0s
2026-05-25 00:42:13 | INFO     | serial_manager       | Connexion sur COM3 @ 115200...
2026-05-25 00:42:13 | WARNING  | serial_manager       | Connexion échouée : could not open port 'COM3': FileNotFoundError(2, 'Le fichier spécifié est introuvable.', None, 2) — retry dans 3.0s
2026-05-25 00:42:15 | INFO     | serial_manager       | Connexion sur COM3 @ 115200...
2026-05-25 00:42:15 | WARNING  | serial_manager       | Connexion échouée : could not open port 'COM3': FileNotFoundError(2, 'Le fichier spécifié est introuvable.', None, 2) — retry dans 3.0s
2026-05-25 00:42:16 | INFO     | serial_manager       | Connexion sur COM3 @ 115200...
2026-05-25 00:42:16 | WARNING  | serial_manager       | Connexion échouée : could not open port 'COM3': FileNotFoundError(2, 'Le fichier spécifié est introuvable.', None, 2) — retry dans 3.0s
2026-05-25 00:42:18 | INFO     | agent                | Action UI : MEDIA_PLAY
2026-05-25 00:42:18 | INFO     | serial_manager       | Connexion sur COM3 @ 115200...
2026-05-25 00:42:18 | WARNING  | serial_manager       | Connexion échouée : could not open port 'COM3': FileNotFoundError(2, 'Le fichier spécifié est introuvable.', None, 2) — retry dans 3.0s
2026-05-25 00:42:19 | INFO     | serial_manager       | Connexion sur COM3 @ 115200...
2026-05-25 00:42:19 | WARNING  | serial_manager       | Connexion échouée : could not open port 'COM3': FileNotFoundError(2, 'Le fichier spécifié est introuvable.', None, 2) — retry dans 3.0s
2026-05-25 00:42:19 | INFO     | agent                | Action UI : MEDIA_PLAY
2026-05-25 00:42:21 | INFO     | serial_manager       | Connexion sur COM3 @ 115200...
2026-05-25 00:42:21 | WARNING  | serial_manager       | Connexion échouée : could not open port 'COM3': FileNotFoundError(2, 'Le fichier spécifié est introuvable.', None, 2) — retry dans 3.0s
2026-05-25 00:42:22 | INFO     | serial_manager       | Connexion sur COM3 @ 115200...
2026-05-25 00:42:22 | WARNING  | serial_manager       | Connexion échouée : could not open port 'COM3': FileNotFoundError(2, 'Le fichier spécifié est introuvable.', None, 2) — retry dans 3.0s
2026-05-25 00:42:24 | INFO     | serial_manager       | Connexion sur COM3 @ 115200...
2026-05-25 00:42:24 | WARNING  | serial_manager       | Connexion échouée : could not open port 'COM3': FileNotFoundError(2, 'Le fichier spécifié est introuvable.', None, 2) — retry dans 3.0s
2026-05-25 00:42:25 | INFO     | serial_manager       | Connexion sur COM3 @ 115200...
2026-05-25 00:42:25 | WARNING  | serial_manager       | Connexion échouée : could not open port 'COM3': FileNotFoundError(2, 'Le fichier spécifié est introuvable.', None, 2) — retry dans 3.0s
2026-05-25 00:42:27 | INFO     | serial_manager       | Connexion sur COM3 @ 115200...
2026-05-25 00:42:27 | WARNING  | serial_manager       | Connexion échouée : could not open port 'COM3': FileNotFoundError(2, 'Le fichier spécifié est introuvable.', None, 2) — retry dans 3.0s
2026-05-25 00:42:28 | INFO     | serial_manager       | Connexion sur COM3 @ 115200...
2026-05-25 00:42:28 | WARNING  | serial_manager       | Connexion échouée : could not open port 'COM3': FileNotFoundError(2, 'Le fichier spécifié est introuvable.', None, 2) — retry dans 3.0s
2026-05-25 00:42:29 | INFO     | agent                | Action UI : MEDIA_NEXT
2026-05-25 00:42:30 | INFO     | serial_manager       | Connexion sur COM3 @ 115200...
2026-05-25 00:42:30 | WARNING  | serial_manager       | Connexion échouée : could not open port 'COM3': FileNotFoundError(2, 'Le fichier spécifié est introuvable.', None, 2) — retry dans 3.0s
2026-05-25 00:42:31 | INFO     | serial_manager       | Connexion sur COM3 @ 115200...
2026-05-25 00:42:31 | WARNING  | serial_manager       | Connexion échouée : could not open port 'COM3': FileNotFoundError(2, 'Le fichier spécifié est introuvable.', None, 2) — retry dans 3.0s
2026-05-25 00:42:33 | INFO     | serial_manager       | Connexion sur COM3 @ 115200...
2026-05-25 00:42:33 | WARNING  | serial_manager       | Connexion échouée : could not open port 'COM3': FileNotFoundError(2, 'Le fichier spécifié est introuvable.', None, 2) — retry dans 3.0s
2026-05-25 00:42:34 | INFO     | serial_manager       | Connexion sur COM3 @ 115200...
2026-05-25 00:42:34 | WARNING  | serial_manager       | Connexion échouée : could not open port 'COM3': FileNotFoundError(2, 'Le fichier spécifié est introuvable.', None, 2) — retry dans 3.0s
2026-05-25 00:42:36 | INFO     | serial_manager       | Connexion sur COM3 @ 115200...
2026-05-25 00:42:36 | WARNING  | serial_manager       | Connexion échouée : could not open port 'COM3': FileNotFoundError(2, 'Le fichier spécifié est introuvable.', None, 2) — retry dans 3.0s
2026-05-25 00:42:37 | INFO     | serial_manager       | Connexion sur COM3 @ 115200...
2026-05-25 00:42:37 | WARNING  | serial_manager       | Connexion échouée : could not open port 'COM3': FileNotFoundError(2, 'Le fichier spécifié est introuvable.', None, 2) — retry dans 3.0s
2026-05-25 00:42:39 | INFO     | serial_manager       | Connexion sur COM3 @ 115200...
2026-05-25 00:42:39 | WARNING  | serial_manager       | Connexion échouée : could not open port 'COM3': FileNotFoundError(2, 'Le fichier spécifié est introuvable.', None, 2) — retry dans 3.0s
2026-05-25 00:42:40 | INFO     | serial_manager       | Connexion sur COM3 @ 115200...
2026-05-25 00:42:40 | WARNING  | serial_manager       | Connexion échouée : could not open port 'COM3': FileNotFoundError(2, 'Le fichier spécifié est introuvable.', None, 2) — retry dans 3.0s
2026-05-25 00:42:42 | INFO     | serial_manager       | Connexion sur COM3 @ 115200...
2026-05-25 00:42:42 | WARNING  | serial_manager       | Connexion échouée : could not open port 'COM3': FileNotFoundError(2, 'Le fichier spécifié est introuvable.', None, 2) — retry dans 3.0s
2026-05-25 00:42:43 | INFO     | serial_manager       | Connexion sur COM3 @ 115200...
2026-05-25 00:42:43 | WARNING  | serial_manager       | Connexion échouée : could not open port 'COM3': FileNotFoundError(2, 'Le fichier spécifié est introuvable.', None, 2) — retry dans 3.0s
2026-05-25 00:42:44 | INFO     | agent                | Action UI : MEDIA_PLAY
2026-05-25 00:42:45 | INFO     | agent                | Action UI : MEDIA_PLAY
2026-05-25 00:42:45 | INFO     | serial_manager       | Connexion sur COM3 @ 115200...
2026-05-25 00:42:45 | WARNING  | serial_manager       | Connexion échouée : could not open port 'COM3': FileNotFoundError(2, 'Le fichier spécifié est introuvable.', None, 2) — retry dans 3.0s
2026-05-25 00:42:46 | INFO     | serial_manager       | Connexion sur COM3 @ 115200...
2026-05-25 00:42:46 | WARNING  | serial_manager       | Connexion échouée : could not open port 'COM3': FileNotFoundError(2, 'Le fichier spécifié est introuvable.', None, 2) — retry dans 3.0s
2026-05-25 00:42:48 | INFO     | agent                | Action UI : MEDIA_PLAY
2026-05-25 00:42:48 | INFO     | serial_manager       | Connexion sur COM3 @ 115200...
2026-05-25 00:42:48 | WARNING  | serial_manager       | Connexion échouée : could not open port 'COM3': FileNotFoundError(2, 'Le fichier spécifié est introuvable.', None, 2) — retry dans 3.0s
2026-05-25 00:42:49 | INFO     | serial_manager       | Connexion sur COM3 @ 115200...
2026-05-25 00:42:49 | WARNING  | serial_manager       | Connexion échouée : could not open port 'COM3': FileNotFoundError(2, 'Le fichier spécifié est introuvable.', None, 2) — retry dans 3.0s
2026-05-25 00:42:51 | INFO     | serial_manager       | Connexion sur COM3 @ 115200...
2026-05-25 00:42:51 | WARNING  | serial_manager       | Connexion échouée : could not open port 'COM3': FileNotFoundError(2, 'Le fichier spécifié est introuvable.', None, 2) — retry dans 3.0s
2026-05-25 00:42:52 | INFO     | serial_manager       | Connexion sur COM3 @ 115200...
2026-05-25 00:42:52 | WARNING  | serial_manager       | Connexion échouée : could not open port 'COM3': FileNotFoundError(2, 'Le fichier spécifié est introuvable.', None, 2) — retry dans 3.0s
2026-05-25 00:42:53 | INFO     | agent                | Action UI : MEDIA_PLAY
2026-05-25 00:42:54 | INFO     | serial_manager       | Connexion sur COM3 @ 115200...
2026-05-25 00:42:54 | WARNING  | serial_manager       | Connexion échouée : could not open port 'COM3': FileNotFoundError(2, 'Le fichier spécifié est introuvable.', None, 2) — retry dans 3.0s
2026-05-25 00:42:55 | INFO     | serial_manager       | Connexion sur COM3 @ 115200...
2026-05-25 00:42:55 | WARNING  | serial_manager       | Connexion échouée : could not open port 'COM3': FileNotFoundError(2, 'Le fichier spécifié est introuvable.', None, 2) — retry dans 3.0s
2026-05-25 00:42:57 | INFO     | serial_manager       | Connexion sur COM3 @ 115200...
2026-05-25 00:42:57 | WARNING  | serial_manager       | Connexion échouée : could not open port 'COM3': FileNotFoundError(2, 'Le fichier spécifié est introuvable.', None, 2) — retry dans 3.0s
2026-05-25 00:42:58 | INFO     | serial_manager       | Connexion sur COM3 @ 115200...
2026-05-25 00:42:58 | WARNING  | serial_manager       | Connexion échouée : could not open port 'COM3': FileNotFoundError(2, 'Le fichier spécifié est introuvable.', None, 2) — retry dans 3.0s
2026-05-25 01:33:17 | INFO     | audio_manager        | Volume master initialisé
2026-05-25 01:33:17 | INFO     | audio_manager        | Microphone initialisé
2026-05-25 01:33:17 | INFO     | agent                | ============================================================
2026-05-25 01:33:17 | INFO     | agent                | Kore Deck — Agent PC v2.0
2026-05-25 01:33:17 | INFO     | agent                | Port : COM3 | WS : ws://localhost:8765
2026-05-25 01:33:17 | INFO     | agent                | ============================================================
2026-05-25 01:33:17 | INFO     | serial_manager       | Connexion sur COM3 @ 115200...
2026-05-25 01:33:17 | INFO     | serial_manager       | Threads série démarrés
2026-05-25 01:33:17 | WARNING  | serial_manager       | Connexion échouée : could not open port 'COM3': FileNotFoundError(2, 'Le fichier spécifié est introuvable.', None, 2) — retry dans 3.0s
2026-05-25 01:33:17 | INFO     | system_monitor       | HWiNFO non disponible — FPS désactivé
2026-05-25 01:33:20 | INFO     | serial_manager       | Connexion sur COM3 @ 115200...
2026-05-25 01:33:20 | WARNING  | serial_manager       | Connexion échouée : could not open port 'COM3': FileNotFoundError(2, 'Le fichier spécifié est introuvable.', None, 2) — retry dans 3.0s
2026-05-25 01:33:23 | INFO     | serial_manager       | Connexion sur COM3 @ 115200...
2026-05-25 01:33:23 | WARNING  | serial_manager       | Connexion échouée : could not open port 'COM3': FileNotFoundError(2, 'Le fichier spécifié est introuvable.', None, 2) — retry dans 3.0s
2026-05-25 01:33:26 | INFO     | serial_manager       | Connexion sur COM3 @ 115200...
2026-05-25 01:33:26 | WARNING  | serial_manager       | Connexion échouée : could not open port 'COM3': FileNotFoundError(2, 'Le fichier spécifié est introuvable.', None, 2) — retry dans 3.0s
2026-05-25 01:33:29 | INFO     | serial_manager       | Connexion sur COM3 @ 115200...
2026-05-25 01:33:29 | WARNING  | serial_manager       | Connexion échouée : could not open port 'COM3': FileNotFoundError(2, 'Le fichier spécifié est introuvable.', None, 2) — retry dans 3.0s
2026-05-25 01:33:32 | INFO     | serial_manager       | Connexion sur COM3 @ 115200...
2026-05-25 01:33:32 | WARNING  | serial_manager       | Connexion échouée : could not open port 'COM3': FileNotFoundError(2, 'Le fichier spécifié est introuvable.', None, 2) — retry dans 3.0s
2026-05-25 01:33:35 | INFO     | serial_manager       | Connexion sur COM3 @ 115200...
2026-05-25 01:33:35 | WARNING  | serial_manager       | Connexion échouée : could not open port 'COM3': FileNotFoundError(2, 'Le fichier spécifié est introuvable.', None, 2) — retry dans 3.0s
2026-05-25 01:33:38 | INFO     | serial_manager       | Connexion sur COM3 @ 115200...
2026-05-25 01:33:38 | WARNING  | serial_manager       | Connexion échouée : could not open port 'COM3': FileNotFoundError(2, 'Le fichier spécifié est introuvable.', None, 2) — retry dans 3.0s
2026-05-25 01:33:41 | INFO     | serial_manager       | Connexion sur COM3 @ 115200...
2026-05-25 01:33:41 | WARNING  | serial_manager       | Connexion échouée : could not open port 'COM3': FileNotFoundError(2, 'Le fichier spécifié est introuvable.', None, 2) — retry dans 3.0s
2026-05-25 01:33:44 | INFO     | serial_manager       | Connexion sur COM3 @ 115200...
2026-05-25 01:33:44 | WARNING  | serial_manager       | Connexion échouée : could not open port 'COM3': FileNotFoundError(2, 'Le fichier spécifié est introuvable.', None, 2) — retry dans 3.0s
2026-05-25 01:33:47 | INFO     | serial_manager       | Connexion sur COM3 @ 115200...
2026-05-25 01:33:47 | WARNING  | serial_manager       | Connexion échouée : could not open port 'COM3': FileNotFoundError(2, 'Le fichier spécifié est introuvable.', None, 2) — retry dans 3.0s
2026-05-25 01:33:50 | INFO     | serial_manager       | Connexion sur COM3 @ 115200...
2026-05-25 01:33:50 | WARNING  | serial_manager       | Connexion échouée : could not open port 'COM3': FileNotFoundError(2, 'Le fichier spécifié est introuvable.', None, 2) — retry dans 3.0s
2026-05-25 01:33:53 | INFO     | serial_manager       | Connexion sur COM3 @ 115200...
2026-05-25 01:33:53 | WARNING  | serial_manager       | Connexion échouée : could not open port 'COM3': FileNotFoundError(2, 'Le fichier spécifié est introuvable.', None, 2) — retry dans 3.0s
2026-05-25 01:33:56 | INFO     | serial_manager       | Connexion sur COM3 @ 115200...
2026-05-25 01:33:56 | WARNING  | serial_manager       | Connexion échouée : could not open port 'COM3': FileNotFoundError(2, 'Le fichier spécifié est introuvable.', None, 2) — retry dans 3.0s
2026-05-25 01:33:59 | INFO     | serial_manager       | Connexion sur COM3 @ 115200...
2026-05-25 01:33:59 | WARNING  | serial_manager       | Connexion échouée : could not open port 'COM3': FileNotFoundError(2, 'Le fichier spécifié est introuvable.', None, 2) — retry dans 3.0s
2026-05-25 01:34:02 | INFO     | serial_manager       | Connexion sur COM3 @ 115200...
2026-05-25 01:34:02 | WARNING  | serial_manager       | Connexion échouée : could not open port 'COM3': FileNotFoundError(2, 'Le fichier spécifié est introuvable.', None, 2) — retry dans 3.0s
2026-05-25 01:34:05 | INFO     | serial_manager       | Connexion sur COM3 @ 115200...
2026-05-25 01:34:05 | WARNING  | serial_manager       | Connexion échouée : could not open port 'COM3': FileNotFoundError(2, 'Le fichier spécifié est introuvable.', None, 2) — retry dans 3.0s
2026-05-25 01:34:08 | INFO     | serial_manager       | Connexion sur COM3 @ 115200...
2026-05-25 01:34:08 | WARNING  | serial_manager       | Connexion échouée : could not open port 'COM3': FileNotFoundError(2, 'Le fichier spécifié est introuvable.', None, 2) — retry dans 3.0s
2026-05-25 01:34:11 | INFO     | serial_manager       | Connexion sur COM3 @ 115200...
2026-05-25 01:34:11 | WARNING  | serial_manager       | Connexion échouée : could not open port 'COM3': FileNotFoundError(2, 'Le fichier spécifié est introuvable.', None, 2) — retry dans 3.0s
2026-05-25 01:34:14 | INFO     | serial_manager       | Connexion sur COM3 @ 115200...
2026-05-25 01:34:14 | WARNING  | serial_manager       | Connexion échouée : could not open port 'COM3': FileNotFoundError(2, 'Le fichier spécifié est introuvable.', None, 2) — retry dans 3.0s
2026-05-25 01:34:17 | INFO     | serial_manager       | Connexion sur COM3 @ 115200...
2026-05-25 01:34:17 | WARNING  | serial_manager       | Connexion échouée : could not open port 'COM3': FileNotFoundError(2, 'Le fichier spécifié est introuvable.', None, 2) — retry dans 3.0s
2026-05-25 01:34:18 | INFO     | agent                | Action UI : MEDIA_PLAY
2026-05-25 01:34:19 | INFO     | agent                | Action UI : MEDIA_PLAY
2026-05-25 01:34:20 | INFO     | serial_manager       | Connexion sur COM3 @ 115200...
2026-05-25 01:34:20 | WARNING  | serial_manager       | Connexion échouée : could not open port 'COM3': FileNotFoundError(2, 'Le fichier spécifié est introuvable.', None, 2) — retry dans 3.0s
2026-05-25 01:34:23 | INFO     | serial_manager       | Connexion sur COM3 @ 115200...
2026-05-25 01:34:23 | WARNING  | serial_manager       | Connexion échouée : could not open port 'COM3': FileNotFoundError(2, 'Le fichier spécifié est introuvable.', None, 2) — retry dans 3.0s
2026-05-25 01:34:24 | INFO     | agent                | Action UI : MEDIA_PLAY
2026-05-25 01:34:26 | INFO     | serial_manager       | Connexion sur COM3 @ 115200...
2026-05-25 01:34:26 | WARNING  | serial_manager       | Connexion échouée : could not open port 'COM3': FileNotFoundError(2, 'Le fichier spécifié est introuvable.', None, 2) — retry dans 3.0s
2026-05-25 01:34:27 | INFO     | agent                | Action UI : MEDIA_PLAY
2026-05-25 01:34:29 | INFO     | serial_manager       | Connexion sur COM3 @ 115200...
2026-05-25 01:34:29 | WARNING  | serial_manager       | Connexion échouée : could not open port 'COM3': FileNotFoundError(2, 'Le fichier spécifié est introuvable.', None, 2) — retry dans 3.0s
2026-05-25 01:34:30 | INFO     | agent                | Action UI : MEDIA_NEXT
2026-05-25 01:34:32 | INFO     | serial_manager       | Connexion sur COM3 @ 115200...
2026-05-25 01:34:32 | WARNING  | serial_manager       | Connexion échouée : could not open port 'COM3': FileNotFoundError(2, 'Le fichier spécifié est introuvable.', None, 2) — retry dans 3.0s
2026-05-25 01:34:35 | INFO     | serial_manager       | Connexion sur COM3 @ 115200...
2026-05-25 01:34:35 | WARNING  | serial_manager       | Connexion échouée : could not open port 'COM3': FileNotFoundError(2, 'Le fichier spécifié est introuvable.', None, 2) — retry dans 3.0s
2026-05-25 01:34:38 | INFO     | serial_manager       | Connexion sur COM3 @ 115200...
2026-05-25 01:34:38 | WARNING  | serial_manager       | Connexion échouée : could not open port 'COM3': FileNotFoundError(2, 'Le fichier spécifié est introuvable.', None, 2) — retry dans 3.0s
2026-05-25 01:34:41 | INFO     | serial_manager       | Connexion sur COM3 @ 115200...
2026-05-25 01:34:41 | WARNING  | serial_manager       | Connexion échouée : could not open port 'COM3': FileNotFoundError(2, 'Le fichier spécifié est introuvable.', None, 2) — retry dans 3.0s
2026-05-25 01:41:25 | INFO     | audio_manager        | Volume master initialisé
2026-05-25 01:41:25 | INFO     | audio_manager        | Microphone initialisé
2026-05-25 01:41:25 | INFO     | agent                | ============================================================
2026-05-25 01:41:25 | INFO     | agent                | Kore Deck — Agent PC v2.0
2026-05-25 01:41:25 | INFO     | agent                | Port : COM3 | WS : ws://localhost:8765
2026-05-25 01:41:25 | INFO     | agent                | ============================================================
2026-05-25 01:41:25 | INFO     | serial_manager       | Connexion sur COM3 @ 115200...
2026-05-25 01:41:25 | WARNING  | serial_manager       | Connexion échouée : could not open port 'COM3': FileNotFoundError(2, 'Le fichier spécifié est introuvable.', None, 2) — retry dans 3.0s
2026-05-25 01:41:25 | INFO     | serial_manager       | Threads série démarrés
2026-05-25 01:41:26 | INFO     | system_monitor       | HWiNFO non disponible — FPS désactivé
2026-05-25 01:41:28 | INFO     | serial_manager       | Connexion sur COM3 @ 115200...
2026-05-25 01:41:28 | WARNING  | serial_manager       | Connexion échouée : could not open port 'COM3': FileNotFoundError(2, 'Le fichier spécifié est introuvable.', None, 2) — retry dans 3.0s
2026-05-25 01:41:31 | INFO     | serial_manager       | Connexion sur COM3 @ 115200...
2026-05-25 01:41:31 | WARNING  | serial_manager       | Connexion échouée : could not open port 'COM3': FileNotFoundError(2, 'Le fichier spécifié est introuvable.', None, 2) — retry dans 3.0s
2026-05-25 01:41:34 | INFO     | agent                | Action UI : MEDIA_PLAY
2026-05-25 01:41:34 | INFO     | serial_manager       | Connexion sur COM3 @ 115200...
2026-05-25 01:41:34 | WARNING  | serial_manager       | Connexion échouée : could not open port 'COM3': FileNotFoundError(2, 'Le fichier spécifié est introuvable.', None, 2) — retry dans 3.0s
2026-05-25 01:41:37 | INFO     | serial_manager       | Connexion sur COM3 @ 115200...
2026-05-25 01:41:37 | WARNING  | serial_manager       | Connexion échouée : could not open port 'COM3': FileNotFoundError(2, 'Le fichier spécifié est introuvable.', None, 2) — retry dans 3.0s
2026-05-25 01:41:40 | INFO     | agent                | Action UI : MEDIA_PLAY
2026-05-25 01:41:40 | INFO     | serial_manager       | Connexion sur COM3 @ 115200...
2026-05-25 01:41:40 | WARNING  | serial_manager       | Connexion échouée : could not open port 'COM3': FileNotFoundError(2, 'Le fichier spécifié est introuvable.', None, 2) — retry dans 3.0s
2026-05-25 01:41:43 | INFO     | serial_manager       | Connexion sur COM3 @ 115200...
2026-05-25 01:41:44 | WARNING  | serial_manager       | Connexion échouée : could not open port 'COM3': FileNotFoundError(2, 'Le fichier spécifié est introuvable.', None, 2) — retry dans 3.0s
2026-05-25 01:41:47 | INFO     | serial_manager       | Connexion sur COM3 @ 115200...
2026-05-25 01:41:47 | WARNING  | serial_manager       | Connexion échouée : could not open port 'COM3': FileNotFoundError(2, 'Le fichier spécifié est introuvable.', None, 2) — retry dans 3.0s
2026-05-25 01:41:50 | INFO     | serial_manager       | Connexion sur COM3 @ 115200...
2026-05-25 01:41:50 | WARNING  | serial_manager       | Connexion échouée : could not open port 'COM3': FileNotFoundError(2, 'Le fichier spécifié est introuvable.', None, 2) — retry dans 3.0s
2026-05-25 01:41:53 | INFO     | serial_manager       | Connexion sur COM3 @ 115200...
2026-05-25 01:41:53 | WARNING  | serial_manager       | Connexion échouée : could not open port 'COM3': FileNotFoundError(2, 'Le fichier spécifié est introuvable.', None, 2) — retry dans 3.0s
2026-05-25 01:41:56 | INFO     | serial_manager       | Connexion sur COM3 @ 115200...
2026-05-25 01:41:56 | WARNING  | serial_manager       | Connexion échouée : could not open port 'COM3': FileNotFoundError(2, 'Le fichier spécifié est introuvable.', None, 2) — retry dans 3.0s
2026-05-25 01:41:59 | INFO     | serial_manager       | Connexion sur COM3 @ 115200...
2026-05-25 01:41:59 | WARNING  | serial_manager       | Connexion échouée : could not open port 'COM3': FileNotFoundError(2, 'Le fichier spécifié est introuvable.', None, 2) — retry dans 3.0s
2026-05-25 01:42:02 | INFO     | serial_manager       | Connexion sur COM3 @ 115200...
2026-05-25 01:42:02 | WARNING  | serial_manager       | Connexion échouée : could not open port 'COM3': FileNotFoundError(2, 'Le fichier spécifié est introuvable.', None, 2) — retry dans 3.0s
2026-05-25 01:42:05 | INFO     | serial_manager       | Connexion sur COM3 @ 115200...
2026-05-25 01:42:05 | WARNING  | serial_manager       | Connexion échouée : could not open port 'COM3': FileNotFoundError(2, 'Le fichier spécifié est introuvable.', None, 2) — retry dans 3.0s
2026-05-25 01:42:08 | INFO     | serial_manager       | Connexion sur COM3 @ 115200...
2026-05-25 01:42:08 | WARNING  | serial_manager       | Connexion échouée : could not open port 'COM3': FileNotFoundError(2, 'Le fichier spécifié est introuvable.', None, 2) — retry dans 3.0s
2026-05-25 01:42:11 | INFO     | serial_manager       | Connexion sur COM3 @ 115200...
2026-05-25 01:42:11 | WARNING  | serial_manager       | Connexion échouée : could not open port 'COM3': FileNotFoundError(2, 'Le fichier spécifié est introuvable.', None, 2) — retry dans 3.0s
2026-05-25 01:42:14 | INFO     | serial_manager       | Connexion sur COM3 @ 115200...
2026-05-25 01:42:14 | WARNING  | serial_manager       | Connexion échouée : could not open port 'COM3': FileNotFoundError(2, 'Le fichier spécifié est introuvable.', None, 2) — retry dans 3.0s
2026-05-25 01:42:17 | INFO     | serial_manager       | Connexion sur COM3 @ 115200...
2026-05-25 01:42:17 | WARNING  | serial_manager       | Connexion échouée : could not open port 'COM3': FileNotFoundError(2, 'Le fichier spécifié est introuvable.', None, 2) — retry dans 3.0s
2026-05-25 01:42:20 | INFO     | serial_manager       | Connexion sur COM3 @ 115200...
2026-05-25 01:42:20 | WARNING  | serial_manager       | Connexion échouée : could not open port 'COM3': FileNotFoundError(2, 'Le fichier spécifié est introuvable.', None, 2) — retry dans 3.0s
2026-05-25 01:42:23 | INFO     | serial_manager       | Connexion sur COM3 @ 115200...
2026-05-25 01:42:23 | WARNING  | serial_manager       | Connexion échouée : could not open port 'COM3': FileNotFoundError(2, 'Le fichier spécifié est introuvable.', None, 2) — retry dans 3.0s
2026-05-25 01:42:26 | INFO     | serial_manager       | Connexion sur COM3 @ 115200...
2026-05-25 01:42:26 | WARNING  | serial_manager       | Connexion échouée : could not open port 'COM3': FileNotFoundError(2, 'Le fichier spécifié est introuvable.', None, 2) — retry dans 3.0s
2026-05-25 01:42:29 | INFO     | serial_manager       | Connexion sur COM3 @ 115200...
2026-05-25 01:42:29 | WARNING  | serial_manager       | Connexion échouée : could not open port 'COM3': FileNotFoundError(2, 'Le fichier spécifié est introuvable.', None, 2) — retry dans 3.0s
2026-05-25 01:42:32 | INFO     | serial_manager       | Connexion sur COM3 @ 115200...
2026-05-25 01:42:32 | WARNING  | serial_manager       | Connexion échouée : could not open port 'COM3': FileNotFoundError(2, 'Le fichier spécifié est introuvable.', None, 2) — retry dans 3.0s
2026-05-25 01:42:35 | INFO     | serial_manager       | Connexion sur COM3 @ 115200...
2026-05-25 01:42:35 | WARNING  | serial_manager       | Connexion échouée : could not open port 'COM3': FileNotFoundError(2, 'Le fichier spécifié est introuvable.', None, 2) — retry dans 3.0s
2026-05-25 01:42:38 | INFO     | serial_manager       | Connexion sur COM3 @ 115200...
2026-05-25 01:42:38 | WARNING  | serial_manager       | Connexion échouée : could not open port 'COM3': FileNotFoundError(2, 'Le fichier spécifié est introuvable.', None, 2) — retry dans 3.0s
2026-05-25 01:42:41 | INFO     | serial_manager       | Connexion sur COM3 @ 115200...
2026-05-25 01:42:41 | WARNING  | serial_manager       | Connexion échouée : could not open port 'COM3': FileNotFoundError(2, 'Le fichier spécifié est introuvable.', None, 2) — retry dans 3.0s
2026-05-25 01:42:44 | INFO     | serial_manager       | Connexion sur COM3 @ 115200...
2026-05-25 01:42:44 | WARNING  | serial_manager       | Connexion échouée : could not open port 'COM3': FileNotFoundError(2, 'Le fichier spécifié est introuvable.', None, 2) — retry dans 3.0s
2026-05-25 01:42:47 | INFO     | serial_manager       | Connexion sur COM3 @ 115200...
2026-05-25 01:42:47 | WARNING  | serial_manager       | Connexion échouée : could not open port 'COM3': FileNotFoundError(2, 'Le fichier spécifié est introuvable.', None, 2) — retry dans 3.0s
2026-05-25 01:42:50 | INFO     | serial_manager       | Connexion sur COM3 @ 115200...
2026-05-25 01:42:50 | WARNING  | serial_manager       | Connexion échouée : could not open port 'COM3': FileNotFoundError(2, 'Le fichier spécifié est introuvable.', None, 2) — retry dans 3.0s
2026-05-25 01:42:53 | INFO     | serial_manager       | Connexion sur COM3 @ 115200...
2026-05-25 01:42:53 | WARNING  | serial_manager       | Connexion échouée : could not open port 'COM3': FileNotFoundError(2, 'Le fichier spécifié est introuvable.', None, 2) — retry dans 3.0s
2026-05-25 01:42:56 | INFO     | serial_manager       | Connexion sur COM3 @ 115200...
2026-05-25 01:42:56 | WARNING  | serial_manager       | Connexion échouée : could not open port 'COM3': FileNotFoundError(2, 'Le fichier spécifié est introuvable.', None, 2) — retry dans 3.0s
2026-05-25 01:42:59 | INFO     | serial_manager       | Connexion sur COM3 @ 115200...
2026-05-25 01:42:59 | WARNING  | serial_manager       | Connexion échouée : could not open port 'COM3': FileNotFoundError(2, 'Le fichier spécifié est introuvable.', None, 2) — retry dans 3.0s
2026-05-25 01:43:02 | INFO     | serial_manager       | Connexion sur COM3 @ 115200...
2026-05-25 01:43:02 | WARNING  | serial_manager       | Connexion échouée : could not open port 'COM3': FileNotFoundError(2, 'Le fichier spécifié est introuvable.', None, 2) — retry dans 3.0s
2026-05-25 01:43:05 | INFO     | serial_manager       | Connexion sur COM3 @ 115200...
2026-05-25 01:43:05 | WARNING  | serial_manager       | Connexion échouée : could not open port 'COM3': FileNotFoundError(2, 'Le fichier spécifié est introuvable.', None, 2) — retry dans 3.0s
2026-05-25 01:43:08 | INFO     | serial_manager       | Connexion sur COM3 @ 115200...
2026-05-25 01:43:08 | WARNING  | serial_manager       | Connexion échouée : could not open port 'COM3': FileNotFoundError(2, 'Le fichier spécifié est introuvable.', None, 2) — retry dans 3.0s
2026-05-25 01:43:11 | INFO     | serial_manager       | Connexion sur COM3 @ 115200...
2026-05-25 01:43:11 | WARNING  | serial_manager       | Connexion échouée : could not open port 'COM3': FileNotFoundError(2, 'Le fichier spécifié est introuvable.', None, 2) — retry dans 3.0s
2026-05-25 01:43:14 | INFO     | serial_manager       | Connexion sur COM3 @ 115200...
2026-05-25 01:43:14 | WARNING  | serial_manager       | Connexion échouée : could not open port 'COM3': FileNotFoundError(2, 'Le fichier spécifié est introuvable.', None, 2) — retry dans 3.0s
2026-05-25 01:43:17 | INFO     | serial_manager       | Connexion sur COM3 @ 115200...
2026-05-25 01:43:17 | WARNING  | serial_manager       | Connexion échouée : could not open port 'COM3': FileNotFoundError(2, 'Le fichier spécifié est introuvable.', None, 2) — retry dans 3.0s
2026-05-25 01:43:20 | INFO     | serial_manager       | Connexion sur COM3 @ 115200...
2026-05-25 01:43:20 | WARNING  | serial_manager       | Connexion échouée : could not open port 'COM3': FileNotFoundError(2, 'Le fichier spécifié est introuvable.', None, 2) — retry dans 3.0s
2026-05-25 01:43:23 | INFO     | serial_manager       | Connexion sur COM3 @ 115200...
2026-05-25 01:43:23 | WARNING  | serial_manager       | Connexion échouée : could not open port 'COM3': FileNotFoundError(2, 'Le fichier spécifié est introuvable.', None, 2) — retry dans 3.0s
2026-05-25 01:43:26 | INFO     | serial_manager       | Connexion sur COM3 @ 115200...
2026-05-25 01:43:26 | WARNING  | serial_manager       | Connexion échouée : could not open port 'COM3': FileNotFoundError(2, 'Le fichier spécifié est introuvable.', None, 2) — retry dans 3.0s
2026-05-25 01:43:29 | INFO     | serial_manager       | Connexion sur COM3 @ 115200...
2026-05-25 01:43:29 | WARNING  | serial_manager       | Connexion échouée : could not open port 'COM3': FileNotFoundError(2, 'Le fichier spécifié est introuvable.', None, 2) — retry dans 3.0s
2026-05-25 01:43:32 | INFO     | serial_manager       | Connexion sur COM3 @ 115200...
2026-05-25 01:43:32 | WARNING  | serial_manager       | Connexion échouée : could not open port 'COM3': FileNotFoundError(2, 'Le fichier spécifié est introuvable.', None, 2) — retry dans 3.0s
2026-05-25 01:43:35 | INFO     | serial_manager       | Connexion sur COM3 @ 115200...
2026-05-25 01:43:35 | WARNING  | serial_manager       | Connexion échouée : could not open port 'COM3': FileNotFoundError(2, 'Le fichier spécifié est introuvable.', None, 2) — retry dans 3.0s
2026-05-25 01:43:38 | INFO     | serial_manager       | Connexion sur COM3 @ 115200...
2026-05-25 01:43:38 | WARNING  | serial_manager       | Connexion échouée : could not open port 'COM3': FileNotFoundError(2, 'Le fichier spécifié est introuvable.', None, 2) — retry dans 3.0s
2026-05-25 01:43:41 | INFO     | serial_manager       | Connexion sur COM3 @ 115200...
2026-05-25 01:43:41 | WARNING  | serial_manager       | Connexion échouée : could not open port 'COM3': FileNotFoundError(2, 'Le fichier spécifié est introuvable.', None, 2) — retry dans 3.0s
2026-05-25 01:43:44 | INFO     | serial_manager       | Connexion sur COM3 @ 115200...
2026-05-25 01:43:44 | WARNING  | serial_manager       | Connexion échouée : could not open port 'COM3': FileNotFoundError(2, 'Le fichier spécifié est introuvable.', None, 2) — retry dans 3.0s
2026-05-25 01:43:47 | INFO     | serial_manager       | Connexion sur COM3 @ 115200...
2026-05-25 01:43:47 | WARNING  | serial_manager       | Connexion échouée : could not open port 'COM3': FileNotFoundError(2, 'Le fichier spécifié est introuvable.', None, 2) — retry dans 3.0s
2026-05-25 01:43:50 | INFO     | serial_manager       | Connexion sur COM3 @ 115200...
2026-05-25 01:43:50 | WARNING  | serial_manager       | Connexion échouée : could not open port 'COM3': FileNotFoundError(2, 'Le fichier spécifié est introuvable.', None, 2) — retry dans 3.0s
2026-05-25 01:43:53 | INFO     | serial_manager       | Connexion sur COM3 @ 115200...
2026-05-25 01:43:53 | WARNING  | serial_manager       | Connexion échouée : could not open port 'COM3': FileNotFoundError(2, 'Le fichier spécifié est introuvable.', None, 2) — retry dans 3.0s
2026-05-25 01:43:56 | INFO     | serial_manager       | Connexion sur COM3 @ 115200...
2026-05-25 01:43:56 | WARNING  | serial_manager       | Connexion échouée : could not open port 'COM3': FileNotFoundError(2, 'Le fichier spécifié est introuvable.', None, 2) — retry dans 3.0s
2026-05-25 01:43:59 | INFO     | serial_manager       | Connexion sur COM3 @ 115200...
2026-05-25 01:43:59 | WARNING  | serial_manager       | Connexion échouée : could not open port 'COM3': FileNotFoundError(2, 'Le fichier spécifié est introuvable.', None, 2) — retry dans 3.0s
2026-05-25 01:44:02 | INFO     | serial_manager       | Connexion sur COM3 @ 115200...
2026-05-25 01:44:02 | WARNING  | serial_manager       | Connexion échouée : could not open port 'COM3': FileNotFoundError(2, 'Le fichier spécifié est introuvable.', None, 2) — retry dans 3.0s
2026-05-25 01:44:05 | INFO     | serial_manager       | Connexion sur COM3 @ 115200...
2026-05-25 01:44:05 | WARNING  | serial_manager       | Connexion échouée : could not open port 'COM3': FileNotFoundError(2, 'Le fichier spécifié est introuvable.', None, 2) — retry dans 3.0s
2026-05-25 01:44:08 | INFO     | serial_manager       | Connexion sur COM3 @ 115200...
2026-05-25 01:44:08 | WARNING  | serial_manager       | Connexion échouée : could not open port 'COM3': FileNotFoundError(2, 'Le fichier spécifié est introuvable.', None, 2) — retry dans 3.0s
2026-05-25 01:44:11 | INFO     | serial_manager       | Connexion sur COM3 @ 115200...
2026-05-25 01:44:11 | WARNING  | serial_manager       | Connexion échouée : could not open port 'COM3': FileNotFoundError(2, 'Le fichier spécifié est introuvable.', None, 2) — retry dans 3.0s
2026-05-25 01:44:14 | INFO     | serial_manager       | Connexion sur COM3 @ 115200...
2026-05-25 01:44:14 | WARNING  | serial_manager       | Connexion échouée : could not open port 'COM3': FileNotFoundError(2, 'Le fichier spécifié est introuvable.', None, 2) — retry dans 3.0s
2026-05-25 01:44:17 | INFO     | serial_manager       | Connexion sur COM3 @ 115200...
2026-05-25 01:44:17 | WARNING  | serial_manager       | Connexion échouée : could not open port 'COM3': FileNotFoundError(2, 'Le fichier spécifié est introuvable.', None, 2) — retry dans 3.0s
2026-05-25 01:44:20 | INFO     | serial_manager       | Connexion sur COM3 @ 115200...
2026-05-25 01:44:20 | WARNING  | serial_manager       | Connexion échouée : could not open port 'COM3': FileNotFoundError(2, 'Le fichier spécifié est introuvable.', None, 2) — retry dans 3.0s
2026-05-25 01:44:23 | INFO     | serial_manager       | Connexion sur COM3 @ 115200...
2026-05-25 01:44:23 | WARNING  | serial_manager       | Connexion échouée : could not open port 'COM3': FileNotFoundError(2, 'Le fichier spécifié est introuvable.', None, 2) — retry dans 3.0s
2026-05-25 01:44:27 | INFO     | serial_manager       | Connexion sur COM3 @ 115200...
2026-05-25 01:44:27 | WARNING  | serial_manager       | Connexion échouée : could not open port 'COM3': FileNotFoundError(2, 'Le fichier spécifié est introuvable.', None, 2) — retry dans 3.0s
2026-05-25 01:44:30 | INFO     | serial_manager       | Connexion sur COM3 @ 115200...
2026-05-25 01:44:30 | WARNING  | serial_manager       | Connexion échouée : could not open port 'COM3': FileNotFoundError(2, 'Le fichier spécifié est introuvable.', None, 2) — retry dans 3.0s
2026-05-25 01:44:33 | INFO     | serial_manager       | Connexion sur COM3 @ 115200...
2026-05-25 01:44:33 | WARNING  | serial_manager       | Connexion échouée : could not open port 'COM3': FileNotFoundError(2, 'Le fichier spécifié est introuvable.', None, 2) — retry dans 3.0s
2026-05-25 01:44:36 | INFO     | serial_manager       | Connexion sur COM3 @ 115200...
2026-05-25 01:44:36 | WARNING  | serial_manager       | Connexion échouée : could not open port 'COM3': FileNotFoundError(2, 'Le fichier spécifié est introuvable.', None, 2) — retry dans 3.0s
2026-05-25 01:44:39 | INFO     | serial_manager       | Connexion sur COM3 @ 115200...
2026-05-25 01:44:39 | WARNING  | serial_manager       | Connexion échouée : could not open port 'COM3': FileNotFoundError(2, 'Le fichier spécifié est introuvable.', None, 2) — retry dans 3.0s
2026-05-25 01:44:42 | INFO     | serial_manager       | Connexion sur COM3 @ 115200...
2026-05-25 01:44:42 | WARNING  | serial_manager       | Connexion échouée : could not open port 'COM3': FileNotFoundError(2, 'Le fichier spécifié est introuvable.', None, 2) — retry dans 3.0s
2026-05-25 01:44:45 | INFO     | serial_manager       | Connexion sur COM3 @ 115200...
2026-05-25 01:44:45 | WARNING  | serial_manager       | Connexion échouée : could not open port 'COM3': FileNotFoundError(2, 'Le fichier spécifié est introuvable.', None, 2) — retry dans 3.0s
2026-05-25 01:44:48 | INFO     | serial_manager       | Connexion sur COM3 @ 115200...
2026-05-25 01:44:48 | WARNING  | serial_manager       | Connexion échouée : could not open port 'COM3': FileNotFoundError(2, 'Le fichier spécifié est introuvable.', None, 2) — retry dans 3.0s
2026-05-25 01:44:51 | INFO     | serial_manager       | Connexion sur COM3 @ 115200...
2026-05-25 01:44:51 | WARNING  | serial_manager       | Connexion échouée : could not open port 'COM3': FileNotFoundError(2, 'Le fichier spécifié est introuvable.', None, 2) — retry dans 3.0s
2026-05-25 01:44:54 | INFO     | serial_manager       | Connexion sur COM3 @ 115200...
2026-05-25 01:44:54 | WARNING  | serial_manager       | Connexion échouée : could not open port 'COM3': FileNotFoundError(2, 'Le fichier spécifié est introuvable.', None, 2) — retry dans 3.0s
2026-05-25 01:44:57 | INFO     | serial_manager       | Connexion sur COM3 @ 115200...
2026-05-25 01:44:57 | WARNING  | serial_manager       | Connexion échouée : could not open port 'COM3': FileNotFoundError(2, 'Le fichier spécifié est introuvable.', None, 2) — retry dans 3.0s
2026-05-25 01:45:00 | INFO     | serial_manager       | Connexion sur COM3 @ 115200...
2026-05-25 01:45:00 | WARNING  | serial_manager       | Connexion échouée : could not open port 'COM3': FileNotFoundError(2, 'Le fichier spécifié est introuvable.', None, 2) — retry dans 3.0s
2026-05-25 01:45:03 | INFO     | serial_manager       | Connexion sur COM3 @ 115200...
2026-05-25 01:45:03 | WARNING  | serial_manager       | Connexion échouée : could not open port 'COM3': FileNotFoundError(2, 'Le fichier spécifié est introuvable.', None, 2) — retry dans 3.0s
2026-05-25 01:45:06 | INFO     | serial_manager       | Connexion sur COM3 @ 115200...
2026-05-25 01:45:06 | WARNING  | serial_manager       | Connexion échouée : could not open port 'COM3': FileNotFoundError(2, 'Le fichier spécifié est introuvable.', None, 2) — retry dans 3.0s
2026-05-25 01:45:09 | INFO     | serial_manager       | Connexion sur COM3 @ 115200...
2026-05-25 01:45:09 | WARNING  | serial_manager       | Connexion échouée : could not open port 'COM3': FileNotFoundError(2, 'Le fichier spécifié est introuvable.', None, 2) — retry dans 3.0s
2026-05-25 01:45:12 | INFO     | serial_manager       | Connexion sur COM3 @ 115200...
2026-05-25 01:45:12 | WARNING  | serial_manager       | Connexion échouée : could not open port 'COM3': FileNotFoundError(2, 'Le fichier spécifié est introuvable.', None, 2) — retry dans 3.0s
2026-05-25 01:45:15 | INFO     | serial_manager       | Connexion sur COM3 @ 115200...
2026-05-25 01:45:15 | WARNING  | serial_manager       | Connexion échouée : could not open port 'COM3': FileNotFoundError(2, 'Le fichier spécifié est introuvable.', None, 2) — retry dans 3.0s
2026-05-25 01:45:18 | INFO     | serial_manager       | Connexion sur COM3 @ 115200...
2026-05-25 01:45:18 | WARNING  | serial_manager       | Connexion échouée : could not open port 'COM3': FileNotFoundError(2, 'Le fichier spécifié est introuvable.', None, 2) — retry dans 3.0s
2026-05-25 01:45:21 | INFO     | serial_manager       | Connexion sur COM3 @ 115200...
2026-05-25 01:45:21 | WARNING  | serial_manager       | Connexion échouée : could not open port 'COM3': FileNotFoundError(2, 'Le fichier spécifié est introuvable.', None, 2) — retry dans 3.0s
2026-05-25 01:45:24 | INFO     | serial_manager       | Connexion sur COM3 @ 115200...
2026-05-25 01:45:24 | WARNING  | serial_manager       | Connexion échouée : could not open port 'COM3': FileNotFoundError(2, 'Le fichier spécifié est introuvable.', None, 2) — retry dans 3.0s
2026-05-25 01:45:27 | INFO     | serial_manager       | Connexion sur COM3 @ 115200...
2026-05-25 01:45:27 | WARNING  | serial_manager       | Connexion échouée : could not open port 'COM3': FileNotFoundError(2, 'Le fichier spécifié est introuvable.', None, 2) — retry dans 3.0s
2026-05-25 01:45:30 | INFO     | serial_manager       | Connexion sur COM3 @ 115200...
2026-05-25 01:45:30 | WARNING  | serial_manager       | Connexion échouée : could not open port 'COM3': FileNotFoundError(2, 'Le fichier spécifié est introuvable.', None, 2) — retry dans 3.0s
2026-05-25 01:45:33 | INFO     | serial_manager       | Connexion sur COM3 @ 115200...
2026-05-25 01:45:33 | WARNING  | serial_manager       | Connexion échouée : could not open port 'COM3': FileNotFoundError(2, 'Le fichier spécifié est introuvable.', None, 2) — retry dans 3.0s
2026-05-25 01:45:36 | INFO     | serial_manager       | Connexion sur COM3 @ 115200...
2026-05-25 01:45:36 | WARNING  | serial_manager       | Connexion échouée : could not open port 'COM3': FileNotFoundError(2, 'Le fichier spécifié est introuvable.', None, 2) — retry dans 3.0s
2026-05-25 01:45:39 | INFO     | serial_manager       | Connexion sur COM3 @ 115200...
2026-05-25 01:45:39 | WARNING  | serial_manager       | Connexion échouée : could not open port 'COM3': FileNotFoundError(2, 'Le fichier spécifié est introuvable.', None, 2) — retry dans 3.0s
2026-05-25 01:45:42 | INFO     | serial_manager       | Connexion sur COM3 @ 115200...
2026-05-25 01:45:42 | WARNING  | serial_manager       | Connexion échouée : could not open port 'COM3': FileNotFoundError(2, 'Le fichier spécifié est introuvable.', None, 2) — retry dans 3.0s
2026-05-25 01:45:45 | INFO     | serial_manager       | Connexion sur COM3 @ 115200...
2026-05-25 01:45:45 | WARNING  | serial_manager       | Connexion échouée : could not open port 'COM3': FileNotFoundError(2, 'Le fichier spécifié est introuvable.', None, 2) — retry dans 3.0s
2026-05-25 01:45:48 | INFO     | serial_manager       | Connexion sur COM3 @ 115200...
2026-05-25 01:45:48 | WARNING  | serial_manager       | Connexion échouée : could not open port 'COM3': FileNotFoundError(2, 'Le fichier spécifié est introuvable.', None, 2) — retry dans 3.0s
2026-05-25 01:45:51 | INFO     | serial_manager       | Connexion sur COM3 @ 115200...
2026-05-25 01:45:51 | WARNING  | serial_manager       | Connexion échouée : could not open port 'COM3': FileNotFoundError(2, 'Le fichier spécifié est introuvable.', None, 2) — retry dans 3.0s
2026-05-25 01:45:54 | INFO     | serial_manager       | Connexion sur COM3 @ 115200...
2026-05-25 01:45:54 | WARNING  | serial_manager       | Connexion échouée : could not open port 'COM3': FileNotFoundError(2, 'Le fichier spécifié est introuvable.', None, 2) — retry dans 3.0s
2026-05-25 01:45:57 | INFO     | serial_manager       | Connexion sur COM3 @ 115200...
2026-05-25 01:45:57 | WARNING  | serial_manager       | Connexion échouée : could not open port 'COM3': FileNotFoundError(2, 'Le fichier spécifié est introuvable.', None, 2) — retry dans 3.0s
2026-05-25 01:46:00 | INFO     | serial_manager       | Connexion sur COM3 @ 115200...
2026-05-25 01:46:00 | WARNING  | serial_manager       | Connexion échouée : could not open port 'COM3': FileNotFoundError(2, 'Le fichier spécifié est introuvable.', None, 2) — retry dans 3.0s
2026-05-25 01:46:03 | INFO     | serial_manager       | Connexion sur COM3 @ 115200...
2026-05-25 01:46:03 | WARNING  | serial_manager       | Connexion échouée : could not open port 'COM3': FileNotFoundError(2, 'Le fichier spécifié est introuvable.', None, 2) — retry dans 3.0s
2026-05-25 01:46:06 | INFO     | serial_manager       | Connexion sur COM3 @ 115200...
2026-05-25 01:46:06 | WARNING  | serial_manager       | Connexion échouée : could not open port 'COM3': FileNotFoundError(2, 'Le fichier spécifié est introuvable.', None, 2) — retry dans 3.0s
2026-05-25 01:46:09 | INFO     | serial_manager       | Connexion sur COM3 @ 115200...
2026-05-25 01:46:09 | WARNING  | serial_manager       | Connexion échouée : could not open port 'COM3': FileNotFoundError(2, 'Le fichier spécifié est introuvable.', None, 2) — retry dans 3.0s
2026-05-25 01:46:12 | INFO     | serial_manager       | Connexion sur COM3 @ 115200...
2026-05-25 01:46:12 | WARNING  | serial_manager       | Connexion échouée : could not open port 'COM3': FileNotFoundError(2, 'Le fichier spécifié est introuvable.', None, 2) — retry dans 3.0s
2026-05-25 01:46:15 | INFO     | serial_manager       | Connexion sur COM3 @ 115200...
2026-05-25 01:46:15 | WARNING  | serial_manager       | Connexion échouée : could not open port 'COM3': FileNotFoundError(2, 'Le fichier spécifié est introuvable.', None, 2) — retry dans 3.0s
2026-05-25 01:46:18 | INFO     | serial_manager       | Connexion sur COM3 @ 115200...
2026-05-25 01:46:18 | WARNING  | serial_manager       | Connexion échouée : could not open port 'COM3': FileNotFoundError(2, 'Le fichier spécifié est introuvable.', None, 2) — retry dans 3.0s
2026-05-25 01:46:21 | INFO     | serial_manager       | Connexion sur COM3 @ 115200...
2026-05-25 01:46:21 | WARNING  | serial_manager       | Connexion échouée : could not open port 'COM3': FileNotFoundError(2, 'Le fichier spécifié est introuvable.', None, 2) — retry dans 3.0s
2026-05-25 01:46:24 | INFO     | serial_manager       | Connexion sur COM3 @ 115200...
2026-05-25 01:46:24 | WARNING  | serial_manager       | Connexion échouée : could not open port 'COM3': FileNotFoundError(2, 'Le fichier spécifié est introuvable.', None, 2) — retry dans 3.0s
2026-05-25 01:46:27 | INFO     | serial_manager       | Connexion sur COM3 @ 115200...
2026-05-25 01:46:27 | WARNING  | serial_manager       | Connexion échouée : could not open port 'COM3': FileNotFoundError(2, 'Le fichier spécifié est introuvable.', None, 2) — retry dans 3.0s
2026-05-25 01:46:30 | INFO     | serial_manager       | Connexion sur COM3 @ 115200...
2026-05-25 01:46:30 | WARNING  | serial_manager       | Connexion échouée : could not open port 'COM3': FileNotFoundError(2, 'Le fichier spécifié est introuvable.', None, 2) — retry dans 3.0s
2026-05-25 01:46:33 | INFO     | serial_manager       | Connexion sur COM3 @ 115200...
2026-05-25 01:46:33 | WARNING  | serial_manager       | Connexion échouée : could not open port 'COM3': FileNotFoundError(2, 'Le fichier spécifié est introuvable.', None, 2) — retry dans 3.0s
2026-05-25 01:46:36 | INFO     | serial_manager       | Connexion sur COM3 @ 115200...
2026-05-25 01:46:36 | WARNING  | serial_manager       | Connexion échouée : could not open port 'COM3': FileNotFoundError(2, 'Le fichier spécifié est introuvable.', None, 2) — retry dans 3.0s
2026-05-25 01:46:39 | INFO     | serial_manager       | Connexion sur COM3 @ 115200...
2026-05-25 01:46:39 | WARNING  | serial_manager       | Connexion échouée : could not open port 'COM3': FileNotFoundError(2, 'Le fichier spécifié est introuvable.', None, 2) — retry dans 3.0s
2026-05-25 01:46:42 | INFO     | serial_manager       | Connexion sur COM3 @ 115200...
2026-05-25 01:46:42 | WARNING  | serial_manager       | Connexion échouée : could not open port 'COM3': FileNotFoundError(2, 'Le fichier spécifié est introuvable.', None, 2) — retry dans 3.0s
2026-05-25 01:46:45 | INFO     | serial_manager       | Connexion sur COM3 @ 115200...
2026-05-25 01:46:45 | WARNING  | serial_manager       | Connexion échouée : could not open port 'COM3': FileNotFoundError(2, 'Le fichier spécifié est introuvable.', None, 2) — retry dans 3.0s
2026-05-25 01:46:48 | INFO     | serial_manager       | Connexion sur COM3 @ 115200...
2026-05-25 01:46:48 | WARNING  | serial_manager       | Connexion échouée : could not open port 'COM3': FileNotFoundError(2, 'Le fichier spécifié est introuvable.', None, 2) — retry dans 3.0s
2026-05-25 01:46:51 | INFO     | serial_manager       | Connexion sur COM3 @ 115200...
2026-05-25 01:46:51 | WARNING  | serial_manager       | Connexion échouée : could not open port 'COM3': FileNotFoundError(2, 'Le fichier spécifié est introuvable.', None, 2) — retry dans 3.0s
2026-05-25 01:46:54 | INFO     | serial_manager       | Connexion sur COM3 @ 115200...
2026-05-25 01:46:54 | WARNING  | serial_manager       | Connexion échouée : could not open port 'COM3': FileNotFoundError(2, 'Le fichier spécifié est introuvable.', None, 2) — retry dans 3.0s
2026-05-25 01:46:57 | INFO     | serial_manager       | Connexion sur COM3 @ 115200...
2026-05-25 01:46:57 | WARNING  | serial_manager       | Connexion échouée : could not open port 'COM3': FileNotFoundError(2, 'Le fichier spécifié est introuvable.', None, 2) — retry dans 3.0s
2026-05-25 01:47:00 | INFO     | serial_manager       | Connexion sur COM3 @ 115200...
2026-05-25 01:47:00 | WARNING  | serial_manager       | Connexion échouée : could not open port 'COM3': FileNotFoundError(2, 'Le fichier spécifié est introuvable.', None, 2) — retry dans 3.0s
2026-05-25 01:47:03 | INFO     | serial_manager       | Connexion sur COM3 @ 115200...
2026-05-25 01:47:03 | WARNING  | serial_manager       | Connexion échouée : could not open port 'COM3': FileNotFoundError(2, 'Le fichier spécifié est introuvable.', None, 2) — retry dans 3.0s
2026-05-25 01:47:06 | INFO     | serial_manager       | Connexion sur COM3 @ 115200...
2026-05-25 01:47:06 | WARNING  | serial_manager       | Connexion échouée : could not open port 'COM3': FileNotFoundError(2, 'Le fichier spécifié est introuvable.', None, 2) — retry dans 3.0s
2026-05-25 01:47:09 | INFO     | serial_manager       | Connexion sur COM3 @ 115200...
2026-05-25 01:47:09 | WARNING  | serial_manager       | Connexion échouée : could not open port 'COM3': FileNotFoundError(2, 'Le fichier spécifié est introuvable.', None, 2) — retry dans 3.0s
2026-05-25 01:47:12 | INFO     | serial_manager       | Connexion sur COM3 @ 115200...
2026-05-25 01:47:12 | WARNING  | serial_manager       | Connexion échouée : could not open port 'COM3': FileNotFoundError(2, 'Le fichier spécifié est introuvable.', None, 2) — retry dans 3.0s
2026-05-25 01:47:15 | INFO     | serial_manager       | Connexion sur COM3 @ 115200...
2026-05-25 01:47:15 | WARNING  | serial_manager       | Connexion échouée : could not open port 'COM3': FileNotFoundError(2, 'Le fichier spécifié est introuvable.', None, 2) — retry dans 3.0s
2026-05-25 01:47:18 | INFO     | serial_manager       | Connexion sur COM3 @ 115200...
2026-05-25 01:47:18 | WARNING  | serial_manager       | Connexion échouée : could not open port 'COM3': FileNotFoundError(2, 'Le fichier spécifié est introuvable.', None, 2) — retry dans 3.0s
2026-05-25 01:47:21 | INFO     | serial_manager       | Connexion sur COM3 @ 115200...
2026-05-25 01:47:21 | WARNING  | serial_manager       | Connexion échouée : could not open port 'COM3': FileNotFoundError(2, 'Le fichier spécifié est introuvable.', None, 2) — retry dans 3.0s
2026-05-25 01:47:24 | INFO     | serial_manager       | Connexion sur COM3 @ 115200...
2026-05-25 01:47:24 | WARNING  | serial_manager       | Connexion échouée : could not open port 'COM3': FileNotFoundError(2, 'Le fichier spécifié est introuvable.', None, 2) — retry dans 3.0s
2026-05-25 01:47:27 | INFO     | serial_manager       | Connexion sur COM3 @ 115200...
2026-05-25 01:47:27 | WARNING  | serial_manager       | Connexion échouée : could not open port 'COM3': FileNotFoundError(2, 'Le fichier spécifié est introuvable.', None, 2) — retry dans 3.0s
2026-05-25 01:47:30 | INFO     | serial_manager       | Connexion sur COM3 @ 115200...
2026-05-25 01:47:30 | WARNING  | serial_manager       | Connexion échouée : could not open port 'COM3': FileNotFoundError(2, 'Le fichier spécifié est introuvable.', None, 2) — retry dans 3.0s
2026-05-25 01:47:33 | INFO     | serial_manager       | Connexion sur COM3 @ 115200...
2026-05-25 01:47:33 | WARNING  | serial_manager       | Connexion échouée : could not open port 'COM3': FileNotFoundError(2, 'Le fichier spécifié est introuvable.', None, 2) — retry dans 3.0s
2026-05-25 01:47:36 | INFO     | serial_manager       | Connexion sur COM3 @ 115200...
2026-05-25 01:47:36 | WARNING  | serial_manager       | Connexion échouée : could not open port 'COM3': FileNotFoundError(2, 'Le fichier spécifié est introuvable.', None, 2) — retry dans 3.0s
2026-05-25 01:47:39 | INFO     | serial_manager       | Connexion sur COM3 @ 115200...
2026-05-25 01:47:39 | WARNING  | serial_manager       | Connexion échouée : could not open port 'COM3': FileNotFoundError(2, 'Le fichier spécifié est introuvable.', None, 2) — retry dans 3.0s
2026-05-25 01:47:42 | INFO     | serial_manager       | Connexion sur COM3 @ 115200...
2026-05-25 01:47:42 | WARNING  | serial_manager       | Connexion échouée : could not open port 'COM3': FileNotFoundError(2, 'Le fichier spécifié est introuvable.', None, 2) — retry dans 3.0s
2026-05-25 01:47:45 | INFO     | serial_manager       | Connexion sur COM3 @ 115200...
2026-05-25 01:47:45 | WARNING  | serial_manager       | Connexion échouée : could not open port 'COM3': FileNotFoundError(2, 'Le fichier spécifié est introuvable.', None, 2) — retry dans 3.0s
2026-05-25 01:47:48 | INFO     | serial_manager       | Connexion sur COM3 @ 115200...
2026-05-25 01:47:48 | WARNING  | serial_manager       | Connexion échouée : could not open port 'COM3': FileNotFoundError(2, 'Le fichier spécifié est introuvable.', None, 2) — retry dans 3.0s
2026-05-25 01:47:51 | INFO     | serial_manager       | Connexion sur COM3 @ 115200...
2026-05-25 01:47:51 | WARNING  | serial_manager       | Connexion échouée : could not open port 'COM3': FileNotFoundError(2, 'Le fichier spécifié est introuvable.', None, 2) — retry dans 3.0s
2026-05-25 01:47:54 | INFO     | serial_manager       | Connexion sur COM3 @ 115200...
2026-05-25 01:47:54 | WARNING  | serial_manager       | Connexion échouée : could not open port 'COM3': FileNotFoundError(2, 'Le fichier spécifié est introuvable.', None, 2) — retry dans 3.0s
2026-05-25 01:47:57 | INFO     | serial_manager       | Connexion sur COM3 @ 115200...
2026-05-25 01:47:57 | WARNING  | serial_manager       | Connexion échouée : could not open port 'COM3': FileNotFoundError(2, 'Le fichier spécifié est introuvable.', None, 2) — retry dans 3.0s
2026-05-25 01:48:00 | INFO     | serial_manager       | Connexion sur COM3 @ 115200...
2026-05-25 01:48:00 | WARNING  | serial_manager       | Connexion échouée : could not open port 'COM3': FileNotFoundError(2, 'Le fichier spécifié est introuvable.', None, 2) — retry dans 3.0s
2026-05-25 01:48:03 | INFO     | serial_manager       | Connexion sur COM3 @ 115200...
2026-05-25 01:48:03 | WARNING  | serial_manager       | Connexion échouée : could not open port 'COM3': FileNotFoundError(2, 'Le fichier spécifié est introuvable.', None, 2) — retry dans 3.0s
2026-05-25 01:48:06 | INFO     | serial_manager       | Connexion sur COM3 @ 115200...
2026-05-25 01:48:06 | WARNING  | serial_manager       | Connexion échouée : could not open port 'COM3': FileNotFoundError(2, 'Le fichier spécifié est introuvable.', None, 2) — retry dans 3.0s
2026-05-25 01:48:09 | INFO     | serial_manager       | Connexion sur COM3 @ 115200...
2026-05-25 01:48:09 | WARNING  | serial_manager       | Connexion échouée : could not open port 'COM3': FileNotFoundError(2, 'Le fichier spécifié est introuvable.', None, 2) — retry dans 3.0s
2026-05-25 01:48:12 | INFO     | serial_manager       | Connexion sur COM3 @ 115200...
2026-05-25 01:48:12 | WARNING  | serial_manager       | Connexion échouée : could not open port 'COM3': FileNotFoundError(2, 'Le fichier spécifié est introuvable.', None, 2) — retry dans 3.0s
2026-05-25 01:48:15 | INFO     | serial_manager       | Connexion sur COM3 @ 115200...
2026-05-25 01:48:15 | WARNING  | serial_manager       | Connexion échouée : could not open port 'COM3': FileNotFoundError(2, 'Le fichier spécifié est introuvable.', None, 2) — retry dans 3.0s
2026-05-25 01:48:18 | INFO     | serial_manager       | Connexion sur COM3 @ 115200...
2026-05-25 01:48:18 | WARNING  | serial_manager       | Connexion échouée : could not open port 'COM3': FileNotFoundError(2, 'Le fichier spécifié est introuvable.', None, 2) — retry dans 3.0s
2026-05-25 01:48:21 | INFO     | serial_manager       | Connexion sur COM3 @ 115200...
2026-05-25 01:48:21 | WARNING  | serial_manager       | Connexion échouée : could not open port 'COM3': FileNotFoundError(2, 'Le fichier spécifié est introuvable.', None, 2) — retry dans 3.0s
2026-05-25 01:48:24 | INFO     | serial_manager       | Connexion sur COM3 @ 115200...
2026-05-25 01:48:24 | WARNING  | serial_manager       | Connexion échouée : could not open port 'COM3': FileNotFoundError(2, 'Le fichier spécifié est introuvable.', None, 2) — retry dans 3.0s
2026-05-25 01:48:27 | INFO     | serial_manager       | Connexion sur COM3 @ 115200...
2026-05-25 01:48:27 | WARNING  | serial_manager       | Connexion échouée : could not open port 'COM3': FileNotFoundError(2, 'Le fichier spécifié est introuvable.', None, 2) — retry dans 3.0s
2026-05-25 01:48:30 | INFO     | serial_manager       | Connexion sur COM3 @ 115200...
2026-05-25 01:48:30 | WARNING  | serial_manager       | Connexion échouée : could not open port 'COM3': FileNotFoundError(2, 'Le fichier spécifié est introuvable.', None, 2) — retry dans 3.0s
2026-05-25 01:48:33 | INFO     | serial_manager       | Connexion sur COM3 @ 115200...
2026-05-25 01:48:33 | WARNING  | serial_manager       | Connexion échouée : could not open port 'COM3': FileNotFoundError(2, 'Le fichier spécifié est introuvable.', None, 2) — retry dans 3.0s
2026-05-25 12:35:28 | INFO     | audio_manager        | Volume master initialisé
2026-05-25 12:35:28 | INFO     | audio_manager        | Microphone initialisé
2026-05-25 12:35:28 | INFO     | agent                | ============================================================
2026-05-25 12:35:28 | INFO     | agent                | Kore Deck — Agent PC v2.0
2026-05-25 12:35:28 | INFO     | agent                | Port : COM3 | WS : ws://localhost:8765
2026-05-25 12:35:28 | INFO     | agent                | ============================================================
2026-05-25 12:35:28 | INFO     | serial_manager       | Connexion sur COM3 @ 115200...
2026-05-25 12:35:28 | WARNING  | serial_manager       | Connexion échouée : could not open port 'COM3': FileNotFoundError(2, 'Le fichier spécifié est introuvable.', None, 2) — retry dans 3.0s
2026-05-25 12:35:28 | INFO     | serial_manager       | Threads série démarrés
2026-05-25 12:35:28 | INFO     | system_monitor       | HWiNFO non disponible — FPS désactivé
2026-05-25 12:35:31 | INFO     | serial_manager       | Connexion sur COM3 @ 115200...
2026-05-25 12:35:31 | WARNING  | serial_manager       | Connexion échouée : could not open port 'COM3': FileNotFoundError(2, 'Le fichier spécifié est introuvable.', None, 2) — retry dans 3.0s
2026-05-25 12:35:34 | INFO     | serial_manager       | Connexion sur COM3 @ 115200...
2026-05-25 12:35:34 | WARNING  | serial_manager       | Connexion échouée : could not open port 'COM3': FileNotFoundError(2, 'Le fichier spécifié est introuvable.', None, 2) — retry dans 3.0s
2026-05-25 12:35:35 | INFO     | agent                | Action UI : MEDIA_NEXT
2026-05-25 12:35:37 | INFO     | serial_manager       | Connexion sur COM3 @ 115200...
2026-05-25 12:35:37 | WARNING  | serial_manager       | Connexion échouée : could not open port 'COM3': FileNotFoundError(2, 'Le fichier spécifié est introuvable.', None, 2) — retry dans 3.0s
2026-05-25 12:35:37 | INFO     | agent                | Action UI : MEDIA_PLAY
2026-05-25 12:35:40 | INFO     | serial_manager       | Connexion sur COM3 @ 115200...
2026-05-25 12:35:40 | WARNING  | serial_manager       | Connexion échouée : could not open port 'COM3': FileNotFoundError(2, 'Le fichier spécifié est introuvable.', None, 2) — retry dans 3.0s
2026-05-25 12:35:41 | INFO     | agent                | Action UI : MEDIA_PLAY
2026-05-25 12:35:43 | INFO     | serial_manager       | Connexion sur COM3 @ 115200...
2026-05-25 12:35:43 | WARNING  | serial_manager       | Connexion échouée : could not open port 'COM3': FileNotFoundError(2, 'Le fichier spécifié est introuvable.', None, 2) — retry dans 3.0s
2026-05-25 12:35:46 | INFO     | serial_manager       | Connexion sur COM3 @ 115200...
2026-05-25 12:35:46 | WARNING  | serial_manager       | Connexion échouée : could not open port 'COM3': FileNotFoundError(2, 'Le fichier spécifié est introuvable.', None, 2) — retry dans 3.0s
2026-05-25 12:35:49 | INFO     | serial_manager       | Connexion sur COM3 @ 115200...
2026-05-25 12:35:49 | WARNING  | serial_manager       | Connexion échouée : could not open port 'COM3': FileNotFoundError(2, 'Le fichier spécifié est introuvable.', None, 2) — retry dans 3.0s
2026-05-25 12:35:52 | INFO     | serial_manager       | Connexion sur COM3 @ 115200...
2026-05-25 12:35:52 | WARNING  | serial_manager       | Connexion échouée : could not open port 'COM3': FileNotFoundError(2, 'Le fichier spécifié est introuvable.', None, 2) — retry dans 3.0s
2026-05-25 12:35:55 | INFO     | serial_manager       | Connexion sur COM3 @ 115200...
2026-05-25 12:35:55 | WARNING  | serial_manager       | Connexion échouée : could not open port 'COM3': FileNotFoundError(2, 'Le fichier spécifié est introuvable.', None, 2) — retry dans 3.0s
2026-05-25 12:35:58 | INFO     | serial_manager       | Connexion sur COM3 @ 115200...
2026-05-25 12:35:58 | WARNING  | serial_manager       | Connexion échouée : could not open port 'COM3': FileNotFoundError(2, 'Le fichier spécifié est introuvable.', None, 2) — retry dans 3.0s
2026-05-25 12:36:01 | INFO     | serial_manager       | Connexion sur COM3 @ 115200...
2026-05-25 12:36:01 | WARNING  | serial_manager       | Connexion échouée : could not open port 'COM3': FileNotFoundError(2, 'Le fichier spécifié est introuvable.', None, 2) — retry dans 3.0s
2026-05-25 12:36:04 | INFO     | serial_manager       | Connexion sur COM3 @ 115200...
2026-05-25 12:36:04 | WARNING  | serial_manager       | Connexion échouée : could not open port 'COM3': FileNotFoundError(2, 'Le fichier spécifié est introuvable.', None, 2) — retry dans 3.0s
2026-05-25 12:36:07 | INFO     | serial_manager       | Connexion sur COM3 @ 115200...
2026-05-25 12:36:07 | WARNING  | serial_manager       | Connexion échouée : could not open port 'COM3': FileNotFoundError(2, 'Le fichier spécifié est introuvable.', None, 2) — retry dans 3.0s
2026-05-25 12:36:10 | INFO     | serial_manager       | Connexion sur COM3 @ 115200...
2026-05-25 12:36:10 | WARNING  | serial_manager       | Connexion échouée : could not open port 'COM3': FileNotFoundError(2, 'Le fichier spécifié est introuvable.', None, 2) — retry dans 3.0s
2026-05-25 12:36:13 | INFO     | serial_manager       | Connexion sur COM3 @ 115200...
2026-05-25 12:36:13 | WARNING  | serial_manager       | Connexion échouée : could not open port 'COM3': FileNotFoundError(2, 'Le fichier spécifié est introuvable.', None, 2) — retry dans 3.0s
2026-05-25 12:36:16 | INFO     | serial_manager       | Connexion sur COM3 @ 115200...
2026-05-25 12:36:16 | WARNING  | serial_manager       | Connexion échouée : could not open port 'COM3': FileNotFoundError(2, 'Le fichier spécifié est introuvable.', None, 2) — retry dans 3.0s
2026-05-25 12:36:19 | INFO     | serial_manager       | Connexion sur COM3 @ 115200...
2026-05-25 12:36:19 | WARNING  | serial_manager       | Connexion échouée : could not open port 'COM3': FileNotFoundError(2, 'Le fichier spécifié est introuvable.', None, 2) — retry dans 3.0s
2026-05-25 12:36:22 | INFO     | serial_manager       | Connexion sur COM3 @ 115200...
2026-05-25 12:36:22 | WARNING  | serial_manager       | Connexion échouée : could not open port 'COM3': FileNotFoundError(2, 'Le fichier spécifié est introuvable.', None, 2) — retry dans 3.0s
2026-05-25 12:36:25 | INFO     | serial_manager       | Connexion sur COM3 @ 115200...
2026-05-25 12:36:25 | WARNING  | serial_manager       | Connexion échouée : could not open port 'COM3': FileNotFoundError(2, 'Le fichier spécifié est introuvable.', None, 2) — retry dans 3.0s
2026-05-25 12:36:28 | INFO     | serial_manager       | Connexion sur COM3 @ 115200...
2026-05-25 12:36:28 | WARNING  | serial_manager       | Connexion échouée : could not open port 'COM3': FileNotFoundError(2, 'Le fichier spécifié est introuvable.', None, 2) — retry dans 3.0s
2026-05-25 12:36:31 | INFO     | serial_manager       | Connexion sur COM3 @ 115200...
2026-05-25 12:36:31 | WARNING  | serial_manager       | Connexion échouée : could not open port 'COM3': FileNotFoundError(2, 'Le fichier spécifié est introuvable.', None, 2) — retry dans 3.0s
2026-05-25 12:36:34 | INFO     | serial_manager       | Connexion sur COM3 @ 115200...
2026-05-25 12:36:34 | WARNING  | serial_manager       | Connexion échouée : could not open port 'COM3': FileNotFoundError(2, 'Le fichier spécifié est introuvable.', None, 2) — retry dans 3.0s
2026-05-25 12:36:37 | INFO     | serial_manager       | Connexion sur COM3 @ 115200...
2026-05-25 12:36:37 | WARNING  | serial_manager       | Connexion échouée : could not open port 'COM3': FileNotFoundError(2, 'Le fichier spécifié est introuvable.', None, 2) — retry dans 3.0s
2026-05-25 12:36:40 | INFO     | serial_manager       | Connexion sur COM3 @ 115200...
2026-05-25 12:36:40 | WARNING  | serial_manager       | Connexion échouée : could not open port 'COM3': FileNotFoundError(2, 'Le fichier spécifié est introuvable.', None, 2) — retry dans 3.0s
2026-05-25 12:36:43 | INFO     | serial_manager       | Connexion sur COM3 @ 115200...
2026-05-25 12:36:43 | WARNING  | serial_manager       | Connexion échouée : could not open port 'COM3': FileNotFoundError(2, 'Le fichier spécifié est introuvable.', None, 2) — retry dans 3.0s
2026-05-25 12:36:46 | INFO     | serial_manager       | Connexion sur COM3 @ 115200...
2026-05-25 12:36:46 | WARNING  | serial_manager       | Connexion échouée : could not open port 'COM3': FileNotFoundError(2, 'Le fichier spécifié est introuvable.', None, 2) — retry dans 3.0s
2026-05-25 12:36:49 | INFO     | serial_manager       | Connexion sur COM3 @ 115200...
2026-05-25 12:36:49 | WARNING  | serial_manager       | Connexion échouée : could not open port 'COM3': FileNotFoundError(2, 'Le fichier spécifié est introuvable.', None, 2) — retry dans 3.0s
2026-05-25 12:36:52 | INFO     | serial_manager       | Connexion sur COM3 @ 115200...
2026-05-25 12:36:52 | WARNING  | serial_manager       | Connexion échouée : could not open port 'COM3': FileNotFoundError(2, 'Le fichier spécifié est introuvable.', None, 2) — retry dans 3.0s
2026-05-25 12:36:55 | INFO     | serial_manager       | Connexion sur COM3 @ 115200...
2026-05-25 12:36:55 | WARNING  | serial_manager       | Connexion échouée : could not open port 'COM3': FileNotFoundError(2, 'Le fichier spécifié est introuvable.', None, 2) — retry dans 3.0s
2026-05-25 12:36:58 | INFO     | serial_manager       | Connexion sur COM3 @ 115200...
2026-05-25 12:36:58 | WARNING  | serial_manager       | Connexion échouée : could not open port 'COM3': FileNotFoundError(2, 'Le fichier spécifié est introuvable.', None, 2) — retry dans 3.0s
2026-05-25 12:37:01 | INFO     | serial_manager       | Connexion sur COM3 @ 115200...
2026-05-25 12:37:01 | WARNING  | serial_manager       | Connexion échouée : could not open port 'COM3': FileNotFoundError(2, 'Le fichier spécifié est introuvable.', None, 2) — retry dans 3.0s
2026-05-25 12:37:04 | INFO     | serial_manager       | Connexion sur COM3 @ 115200...
2026-05-25 12:37:04 | WARNING  | serial_manager       | Connexion échouée : could not open port 'COM3': FileNotFoundError(2, 'Le fichier spécifié est introuvable.', None, 2) — retry dans 3.0s
2026-05-25 12:37:07 | INFO     | serial_manager       | Connexion sur COM3 @ 115200...
2026-05-25 12:37:07 | WARNING  | serial_manager       | Connexion échouée : could not open port 'COM3': FileNotFoundError(2, 'Le fichier spécifié est introuvable.', None, 2) — retry dans 3.0s
2026-05-25 12:37:10 | INFO     | serial_manager       | Connexion sur COM3 @ 115200...
2026-05-25 12:37:10 | WARNING  | serial_manager       | Connexion échouée : could not open port 'COM3': FileNotFoundError(2, 'Le fichier spécifié est introuvable.', None, 2) — retry dans 3.0s
2026-05-25 12:37:13 | INFO     | serial_manager       | Connexion sur COM3 @ 115200...
2026-05-25 12:37:13 | WARNING  | serial_manager       | Connexion échouée : could not open port 'COM3': FileNotFoundError(2, 'Le fichier spécifié est introuvable.', None, 2) — retry dans 3.0s
2026-05-25 12:37:17 | INFO     | serial_manager       | Connexion sur COM3 @ 115200...
2026-05-25 12:37:17 | WARNING  | serial_manager       | Connexion échouée : could not open port 'COM3': FileNotFoundError(2, 'Le fichier spécifié est introuvable.', None, 2) — retry dans 3.0s
2026-05-25 12:37:20 | INFO     | serial_manager       | Connexion sur COM3 @ 115200...
2026-05-25 12:37:20 | WARNING  | serial_manager       | Connexion échouée : could not open port 'COM3': FileNotFoundError(2, 'Le fichier spécifié est introuvable.', None, 2) — retry dans 3.0s
2026-05-25 12:37:22 | INFO     | agent                | Action UI : MEDIA_PLAY
2026-05-25 12:37:23 | INFO     | serial_manager       | Connexion sur COM3 @ 115200...
2026-05-25 12:37:23 | WARNING  | serial_manager       | Connexion échouée : could not open port 'COM3': FileNotFoundError(2, 'Le fichier spécifié est introuvable.', None, 2) — retry dans 3.0s
2026-05-25 12:37:26 | INFO     | serial_manager       | Connexion sur COM3 @ 115200...
2026-05-25 12:37:26 | WARNING  | serial_manager       | Connexion échouée : could not open port 'COM3': FileNotFoundError(2, 'Le fichier spécifié est introuvable.', None, 2) — retry dans 3.0s
2026-05-25 12:37:27 | INFO     | agent                | Action UI : MEDIA_PLAY
2026-05-25 12:37:29 | INFO     | serial_manager       | Connexion sur COM3 @ 115200...
2026-05-25 12:37:29 | WARNING  | serial_manager       | Connexion échouée : could not open port 'COM3': FileNotFoundError(2, 'Le fichier spécifié est introuvable.', None, 2) — retry dans 3.0s
2026-05-25 12:37:32 | INFO     | serial_manager       | Connexion sur COM3 @ 115200...
2026-05-25 12:37:32 | WARNING  | serial_manager       | Connexion échouée : could not open port 'COM3': FileNotFoundError(2, 'Le fichier spécifié est introuvable.', None, 2) — retry dans 3.0s
2026-05-25 12:37:35 | INFO     | serial_manager       | Connexion sur COM3 @ 115200...
2026-05-25 12:37:35 | WARNING  | serial_manager       | Connexion échouée : could not open port 'COM3': FileNotFoundError(2, 'Le fichier spécifié est introuvable.', None, 2) — retry dans 3.0s
2026-05-25 12:37:38 | INFO     | serial_manager       | Connexion sur COM3 @ 115200...
2026-05-25 12:37:38 | WARNING  | serial_manager       | Connexion échouée : could not open port 'COM3': FileNotFoundError(2, 'Le fichier spécifié est introuvable.', None, 2) — retry dans 3.0s
2026-05-25 12:37:41 | INFO     | serial_manager       | Connexion sur COM3 @ 115200...
2026-05-25 12:37:41 | WARNING  | serial_manager       | Connexion échouée : could not open port 'COM3': FileNotFoundError(2, 'Le fichier spécifié est introuvable.', None, 2) — retry dans 3.0s
2026-05-26 00:39:51 | INFO     | audio_manager        | Volume master initialisé
2026-05-26 00:39:51 | INFO     | audio_manager        | Microphone initialisé
2026-05-26 00:39:51 | INFO     | agent                | ============================================================
2026-05-26 00:39:51 | INFO     | agent                | Kore Deck — Agent PC v2.0
2026-05-26 00:39:51 | INFO     | agent                | Port : COM3 | WS : ws://localhost:8765
2026-05-26 00:39:51 | INFO     | agent                | ============================================================
2026-05-26 00:39:51 | INFO     | serial_manager       | Connexion sur COM3 @ 115200...
2026-05-26 00:39:51 | WARNING  | serial_manager       | Connexion échouée : could not open port 'COM3': FileNotFoundError(2, 'Le fichier spécifié est introuvable.', None, 2) — retry dans 3.0s
2026-05-26 00:39:51 | INFO     | serial_manager       | Threads série démarrés
2026-05-26 00:39:52 | INFO     | system_monitor       | HWiNFO non disponible — FPS désactivé
2026-05-26 00:39:54 | INFO     | serial_manager       | Connexion sur COM3 @ 115200...
2026-05-26 00:39:54 | WARNING  | serial_manager       | Connexion échouée : could not open port 'COM3': FileNotFoundError(2, 'Le fichier spécifié est introuvable.', None, 2) — retry dans 3.0s
2026-05-26 00:39:57 | INFO     | serial_manager       | Connexion sur COM3 @ 115200...
2026-05-26 00:39:57 | WARNING  | serial_manager       | Connexion échouée : could not open port 'COM3': FileNotFoundError(2, 'Le fichier spécifié est introuvable.', None, 2) — retry dans 3.0s
2026-05-26 00:40:00 | INFO     | serial_manager       | Connexion sur COM3 @ 115200...
2026-05-26 00:40:00 | WARNING  | serial_manager       | Connexion échouée : could not open port 'COM3': FileNotFoundError(2, 'Le fichier spécifié est introuvable.', None, 2) — retry dans 3.0s
2026-05-26 00:40:03 | INFO     | serial_manager       | Connexion sur COM3 @ 115200...
2026-05-26 00:40:03 | WARNING  | serial_manager       | Connexion échouée : could not open port 'COM3': FileNotFoundError(2, 'Le fichier spécifié est introuvable.', None, 2) — retry dans 3.0s
2026-05-26 00:40:06 | INFO     | serial_manager       | Connexion sur COM3 @ 115200...
2026-05-26 00:40:06 | WARNING  | serial_manager       | Connexion échouée : could not open port 'COM3': FileNotFoundError(2, 'Le fichier spécifié est introuvable.', None, 2) — retry dans 3.0s
2026-05-26 00:40:09 | INFO     | serial_manager       | Connexion sur COM3 @ 115200...
2026-05-26 00:40:09 | WARNING  | serial_manager       | Connexion échouée : could not open port 'COM3': FileNotFoundError(2, 'Le fichier spécifié est introuvable.', None, 2) — retry dans 3.0s
2026-05-26 00:40:12 | INFO     | serial_manager       | Connexion sur COM3 @ 115200...
2026-05-26 00:40:12 | WARNING  | serial_manager       | Connexion échouée : could not open port 'COM3': FileNotFoundError(2, 'Le fichier spécifié est introuvable.', None, 2) — retry dans 3.0s
2026-05-26 00:40:15 | INFO     | serial_manager       | Connexion sur COM3 @ 115200...
2026-05-26 00:40:15 | WARNING  | serial_manager       | Connexion échouée : could not open port 'COM3': FileNotFoundError(2, 'Le fichier spécifié est introuvable.', None, 2) — retry dans 3.0s
2026-05-26 00:40:18 | INFO     | serial_manager       | Connexion sur COM3 @ 115200...
2026-05-26 00:40:18 | WARNING  | serial_manager       | Connexion échouée : could not open port 'COM3': FileNotFoundError(2, 'Le fichier spécifié est introuvable.', None, 2) — retry dans 3.0s
2026-05-26 00:40:21 | INFO     | serial_manager       | Connexion sur COM3 @ 115200...
2026-05-26 00:40:22 | WARNING  | serial_manager       | Connexion échouée : could not open port 'COM3': FileNotFoundError(2, 'Le fichier spécifié est introuvable.', None, 2) — retry dans 3.0s
2026-05-26 00:40:25 | INFO     | serial_manager       | Connexion sur COM3 @ 115200...
2026-05-26 00:40:25 | WARNING  | serial_manager       | Connexion échouée : could not open port 'COM3': FileNotFoundError(2, 'Le fichier spécifié est introuvable.', None, 2) — retry dans 3.0s
2026-05-26 00:40:26 | INFO     | agent                | Action UI : MEDIA_PLAY
2026-05-26 00:40:28 | INFO     | serial_manager       | Connexion sur COM3 @ 115200...
2026-05-26 00:40:28 | WARNING  | serial_manager       | Connexion échouée : could not open port 'COM3': FileNotFoundError(2, 'Le fichier spécifié est introuvable.', None, 2) — retry dans 3.0s
2026-05-26 00:40:28 | INFO     | agent                | Action UI : MEDIA_PLAY
2026-05-26 00:40:30 | INFO     | agent                | Action UI : MEDIA_NEXT
2026-05-26 00:40:31 | INFO     | serial_manager       | Connexion sur COM3 @ 115200...
2026-05-26 00:40:31 | WARNING  | serial_manager       | Connexion échouée : could not open port 'COM3': FileNotFoundError(2, 'Le fichier spécifié est introuvable.', None, 2) — retry dans 3.0s
2026-05-26 00:40:32 | INFO     | agent                | Action UI : MEDIA_PLAY
2026-05-26 00:40:33 | INFO     | agent                | Action UI : MEDIA_PREV
2026-05-26 00:40:34 | INFO     | serial_manager       | Connexion sur COM3 @ 115200...
2026-05-26 00:40:34 | WARNING  | serial_manager       | Connexion échouée : could not open port 'COM3': FileNotFoundError(2, 'Le fichier spécifié est introuvable.', None, 2) — retry dans 3.0s
2026-05-26 00:40:37 | INFO     | serial_manager       | Connexion sur COM3 @ 115200...
2026-05-26 00:40:37 | WARNING  | serial_manager       | Connexion échouée : could not open port 'COM3': FileNotFoundError(2, 'Le fichier spécifié est introuvable.', None, 2) — retry dans 3.0s
2026-05-26 00:40:40 | INFO     | serial_manager       | Connexion sur COM3 @ 115200...
2026-05-26 00:40:40 | WARNING  | serial_manager       | Connexion échouée : could not open port 'COM3': FileNotFoundError(2, 'Le fichier spécifié est introuvable.', None, 2) — retry dans 3.0s
2026-05-26 00:40:43 | INFO     | serial_manager       | Connexion sur COM3 @ 115200...
2026-05-26 00:40:43 | WARNING  | serial_manager       | Connexion échouée : could not open port 'COM3': FileNotFoundError(2, 'Le fichier spécifié est introuvable.', None, 2) — retry dans 3.0s
2026-05-26 00:40:46 | INFO     | serial_manager       | Connexion sur COM3 @ 115200...
2026-05-26 00:40:46 | WARNING  | serial_manager       | Connexion échouée : could not open port 'COM3': FileNotFoundError(2, 'Le fichier spécifié est introuvable.', None, 2) — retry dans 3.0s
2026-05-26 00:40:49 | INFO     | serial_manager       | Connexion sur COM3 @ 115200...
2026-05-26 00:40:49 | WARNING  | serial_manager       | Connexion échouée : could not open port 'COM3': FileNotFoundError(2, 'Le fichier spécifié est introuvable.', None, 2) — retry dans 3.0s
2026-05-26 00:40:52 | INFO     | serial_manager       | Connexion sur COM3 @ 115200...
2026-05-26 00:40:52 | WARNING  | serial_manager       | Connexion échouée : could not open port 'COM3': FileNotFoundError(2, 'Le fichier spécifié est introuvable.', None, 2) — retry dans 3.0s
2026-05-26 00:40:55 | INFO     | serial_manager       | Connexion sur COM3 @ 115200...
2026-05-26 00:40:55 | WARNING  | serial_manager       | Connexion échouée : could not open port 'COM3': FileNotFoundError(2, 'Le fichier spécifié est introuvable.', None, 2) — retry dans 3.0s
2026-05-26 00:40:58 | INFO     | serial_manager       | Connexion sur COM3 @ 115200...
2026-05-26 00:40:58 | WARNING  | serial_manager       | Connexion échouée : could not open port 'COM3': FileNotFoundError(2, 'Le fichier spécifié est introuvable.', None, 2) — retry dans 3.0s
2026-05-26 00:41:01 | INFO     | serial_manager       | Connexion sur COM3 @ 115200...
2026-05-26 00:41:01 | WARNING  | serial_manager       | Connexion échouée : could not open port 'COM3': FileNotFoundError(2, 'Le fichier spécifié est introuvable.', None, 2) — retry dans 3.0s
2026-05-26 00:41:04 | INFO     | serial_manager       | Connexion sur COM3 @ 115200...
2026-05-26 00:41:04 | WARNING  | serial_manager       | Connexion échouée : could not open port 'COM3': FileNotFoundError(2, 'Le fichier spécifié est introuvable.', None, 2) — retry dans 3.0s
2026-05-26 00:41:07 | INFO     | serial_manager       | Connexion sur COM3 @ 115200...
2026-05-26 00:41:07 | WARNING  | serial_manager       | Connexion échouée : could not open port 'COM3': FileNotFoundError(2, 'Le fichier spécifié est introuvable.', None, 2) — retry dans 3.0s
2026-05-26 00:41:10 | INFO     | serial_manager       | Connexion sur COM3 @ 115200...
2026-05-26 00:41:10 | WARNING  | serial_manager       | Connexion échouée : could not open port 'COM3': FileNotFoundError(2, 'Le fichier spécifié est introuvable.', None, 2) — retry dans 3.0s
2026-05-26 00:41:13 | INFO     | serial_manager       | Connexion sur COM3 @ 115200...
2026-05-26 00:41:13 | WARNING  | serial_manager       | Connexion échouée : could not open port 'COM3': FileNotFoundError(2, 'Le fichier spécifié est introuvable.', None, 2) — retry dans 3.0s
2026-05-26 00:41:16 | INFO     | serial_manager       | Connexion sur COM3 @ 115200...
2026-05-26 00:41:16 | WARNING  | serial_manager       | Connexion échouée : could not open port 'COM3': FileNotFoundError(2, 'Le fichier spécifié est introuvable.', None, 2) — retry dans 3.0s
2026-05-26 00:41:19 | INFO     | serial_manager       | Connexion sur COM3 @ 115200...
2026-05-26 00:41:19 | WARNING  | serial_manager       | Connexion échouée : could not open port 'COM3': FileNotFoundError(2, 'Le fichier spécifié est introuvable.', None, 2) — retry dans 3.0s
2026-05-26 00:41:22 | INFO     | serial_manager       | Connexion sur COM3 @ 115200...
2026-05-26 00:41:22 | WARNING  | serial_manager       | Connexion échouée : could not open port 'COM3': FileNotFoundError(2, 'Le fichier spécifié est introuvable.', None, 2) — retry dans 3.0s
2026-05-26 00:41:25 | INFO     | serial_manager       | Connexion sur COM3 @ 115200...
2026-05-26 00:41:25 | WARNING  | serial_manager       | Connexion échouée : could not open port 'COM3': FileNotFoundError(2, 'Le fichier spécifié est introuvable.', None, 2) — retry dans 3.0s
2026-05-26 00:41:28 | INFO     | serial_manager       | Connexion sur COM3 @ 115200...
2026-05-26 00:41:28 | WARNING  | serial_manager       | Connexion échouée : could not open port 'COM3': FileNotFoundError(2, 'Le fichier spécifié est introuvable.', None, 2) — retry dans 3.0s
2026-05-26 00:41:31 | INFO     | serial_manager       | Connexion sur COM3 @ 115200...
2026-05-26 00:41:31 | WARNING  | serial_manager       | Connexion échouée : could not open port 'COM3': FileNotFoundError(2, 'Le fichier spécifié est introuvable.', None, 2) — retry dans 3.0s
2026-05-26 00:41:34 | INFO     | serial_manager       | Connexion sur COM3 @ 115200...
2026-05-26 00:41:34 | WARNING  | serial_manager       | Connexion échouée : could not open port 'COM3': FileNotFoundError(2, 'Le fichier spécifié est introuvable.', None, 2) — retry dans 3.0s
2026-05-26 00:41:37 | INFO     | serial_manager       | Connexion sur COM3 @ 115200...
2026-05-26 00:41:37 | WARNING  | serial_manager       | Connexion échouée : could not open port 'COM3': FileNotFoundError(2, 'Le fichier spécifié est introuvable.', None, 2) — retry dans 3.0s
2026-05-26 00:41:40 | INFO     | serial_manager       | Connexion sur COM3 @ 115200...
2026-05-26 00:41:40 | WARNING  | serial_manager       | Connexion échouée : could not open port 'COM3': FileNotFoundError(2, 'Le fichier spécifié est introuvable.', None, 2) — retry dans 3.0s
2026-05-26 00:41:43 | INFO     | serial_manager       | Connexion sur COM3 @ 115200...
2026-05-26 00:41:43 | WARNING  | serial_manager       | Connexion échouée : could not open port 'COM3': FileNotFoundError(2, 'Le fichier spécifié est introuvable.', None, 2) — retry dans 3.0s
2026-05-26 00:41:46 | INFO     | serial_manager       | Connexion sur COM3 @ 115200...
2026-05-26 00:41:46 | WARNING  | serial_manager       | Connexion échouée : could not open port 'COM3': FileNotFoundError(2, 'Le fichier spécifié est introuvable.', None, 2) — retry dans 3.0s
2026-05-26 00:41:49 | INFO     | serial_manager       | Connexion sur COM3 @ 115200...
2026-05-26 00:41:49 | WARNING  | serial_manager       | Connexion échouée : could not open port 'COM3': FileNotFoundError(2, 'Le fichier spécifié est introuvable.', None, 2) — retry dans 3.0s
2026-05-26 00:41:52 | INFO     | serial_manager       | Connexion sur COM3 @ 115200...
2026-05-26 00:41:52 | WARNING  | serial_manager       | Connexion échouée : could not open port 'COM3': FileNotFoundError(2, 'Le fichier spécifié est introuvable.', None, 2) — retry dans 3.0s
2026-05-26 00:41:55 | INFO     | serial_manager       | Connexion sur COM3 @ 115200...
2026-05-26 00:41:55 | WARNING  | serial_manager       | Connexion échouée : could not open port 'COM3': FileNotFoundError(2, 'Le fichier spécifié est introuvable.', None, 2) — retry dans 3.0s
2026-05-26 00:41:58 | INFO     | serial_manager       | Connexion sur COM3 @ 115200...
2026-05-26 00:41:58 | WARNING  | serial_manager       | Connexion échouée : could not open port 'COM3': FileNotFoundError(2, 'Le fichier spécifié est introuvable.', None, 2) — retry dans 3.0s
2026-05-26 00:42:01 | INFO     | serial_manager       | Connexion sur COM3 @ 115200...
2026-05-26 00:42:01 | WARNING  | serial_manager       | Connexion échouée : could not open port 'COM3': FileNotFoundError(2, 'Le fichier spécifié est introuvable.', None, 2) — retry dans 3.0s
2026-05-26 00:42:04 | INFO     | serial_manager       | Connexion sur COM3 @ 115200...
2026-05-26 00:42:04 | WARNING  | serial_manager       | Connexion échouée : could not open port 'COM3': FileNotFoundError(2, 'Le fichier spécifié est introuvable.', None, 2) — retry dans 3.0s
2026-05-26 00:42:07 | INFO     | serial_manager       | Connexion sur COM3 @ 115200...
2026-05-26 00:42:07 | WARNING  | serial_manager       | Connexion échouée : could not open port 'COM3': FileNotFoundError(2, 'Le fichier spécifié est introuvable.', None, 2) — retry dans 3.0s
2026-05-26 00:42:10 | INFO     | serial_manager       | Connexion sur COM3 @ 115200...
2026-05-26 00:42:10 | WARNING  | serial_manager       | Connexion échouée : could not open port 'COM3': FileNotFoundError(2, 'Le fichier spécifié est introuvable.', None, 2) — retry dans 3.0s
2026-05-26 00:42:13 | INFO     | serial_manager       | Connexion sur COM3 @ 115200...
2026-05-26 00:42:13 | WARNING  | serial_manager       | Connexion échouée : could not open port 'COM3': FileNotFoundError(2, 'Le fichier spécifié est introuvable.', None, 2) — retry dans 3.0s
2026-05-26 00:42:16 | INFO     | serial_manager       | Connexion sur COM3 @ 115200...
2026-05-26 00:42:16 | WARNING  | serial_manager       | Connexion échouée : could not open port 'COM3': FileNotFoundError(2, 'Le fichier spécifié est introuvable.', None, 2) — retry dans 3.0s
2026-05-26 00:42:19 | INFO     | serial_manager       | Connexion sur COM3 @ 115200...
2026-05-26 00:42:19 | WARNING  | serial_manager       | Connexion échouée : could not open port 'COM3': FileNotFoundError(2, 'Le fichier spécifié est introuvable.', None, 2) — retry dans 3.0s
2026-05-26 00:42:22 | INFO     | serial_manager       | Connexion sur COM3 @ 115200...
2026-05-26 00:42:22 | WARNING  | serial_manager       | Connexion échouée : could not open port 'COM3': FileNotFoundError(2, 'Le fichier spécifié est introuvable.', None, 2) — retry dans 3.0s
2026-05-26 00:42:25 | INFO     | serial_manager       | Connexion sur COM3 @ 115200...
2026-05-26 00:42:25 | WARNING  | serial_manager       | Connexion échouée : could not open port 'COM3': FileNotFoundError(2, 'Le fichier spécifié est introuvable.', None, 2) — retry dans 3.0s
2026-05-26 00:42:28 | INFO     | serial_manager       | Connexion sur COM3 @ 115200...
2026-05-26 00:42:28 | WARNING  | serial_manager       | Connexion échouée : could not open port 'COM3': FileNotFoundError(2, 'Le fichier spécifié est introuvable.', None, 2) — retry dans 3.0s
2026-05-26 00:42:31 | INFO     | serial_manager       | Connexion sur COM3 @ 115200...
2026-05-26 00:42:31 | WARNING  | serial_manager       | Connexion échouée : could not open port 'COM3': FileNotFoundError(2, 'Le fichier spécifié est introuvable.', None, 2) — retry dans 3.0s
2026-05-26 00:42:35 | INFO     | serial_manager       | Connexion sur COM3 @ 115200...
2026-05-26 00:42:35 | WARNING  | serial_manager       | Connexion échouée : could not open port 'COM3': FileNotFoundError(2, 'Le fichier spécifié est introuvable.', None, 2) — retry dans 3.0s
2026-05-26 00:42:38 | INFO     | serial_manager       | Connexion sur COM3 @ 115200...
2026-05-26 00:42:38 | WARNING  | serial_manager       | Connexion échouée : could not open port 'COM3': FileNotFoundError(2, 'Le fichier spécifié est introuvable.', None, 2) — retry dans 3.0s
2026-05-26 00:42:41 | INFO     | serial_manager       | Connexion sur COM3 @ 115200...
2026-05-26 00:42:41 | WARNING  | serial_manager       | Connexion échouée : could not open port 'COM3': FileNotFoundError(2, 'Le fichier spécifié est introuvable.', None, 2) — retry dans 3.0s
2026-05-26 00:42:44 | INFO     | serial_manager       | Connexion sur COM3 @ 115200...
2026-05-26 00:42:44 | WARNING  | serial_manager       | Connexion échouée : could not open port 'COM3': FileNotFoundError(2, 'Le fichier spécifié est introuvable.', None, 2) — retry dans 3.0s
2026-05-26 00:42:47 | INFO     | serial_manager       | Connexion sur COM3 @ 115200...
2026-05-26 00:42:47 | WARNING  | serial_manager       | Connexion échouée : could not open port 'COM3': FileNotFoundError(2, 'Le fichier spécifié est introuvable.', None, 2) — retry dans 3.0s
2026-05-26 00:42:50 | INFO     | serial_manager       | Connexion sur COM3 @ 115200...
2026-05-26 00:42:50 | WARNING  | serial_manager       | Connexion échouée : could not open port 'COM3': FileNotFoundError(2, 'Le fichier spécifié est introuvable.', None, 2) — retry dans 3.0s
2026-05-26 00:42:53 | INFO     | serial_manager       | Connexion sur COM3 @ 115200...
2026-05-26 00:42:53 | WARNING  | serial_manager       | Connexion échouée : could not open port 'COM3': FileNotFoundError(2, 'Le fichier spécifié est introuvable.', None, 2) — retry dans 3.0s
2026-05-26 00:42:56 | INFO     | serial_manager       | Connexion sur COM3 @ 115200...
2026-05-26 00:42:56 | WARNING  | serial_manager       | Connexion échouée : could not open port 'COM3': FileNotFoundError(2, 'Le fichier spécifié est introuvable.', None, 2) — retry dans 3.0s
2026-05-26 00:42:59 | INFO     | serial_manager       | Connexion sur COM3 @ 115200...
2026-05-26 00:42:59 | WARNING  | serial_manager       | Connexion échouée : could not open port 'COM3': FileNotFoundError(2, 'Le fichier spécifié est introuvable.', None, 2) — retry dans 3.0s
2026-05-26 00:43:02 | INFO     | serial_manager       | Connexion sur COM3 @ 115200...
2026-05-26 00:43:02 | WARNING  | serial_manager       | Connexion échouée : could not open port 'COM3': FileNotFoundError(2, 'Le fichier spécifié est introuvable.', None, 2) — retry dans 3.0s
2026-05-26 00:43:05 | INFO     | serial_manager       | Connexion sur COM3 @ 115200...
2026-05-26 00:43:05 | WARNING  | serial_manager       | Connexion échouée : could not open port 'COM3': FileNotFoundError(2, 'Le fichier spécifié est introuvable.', None, 2) — retry dans 3.0s
2026-05-26 00:43:08 | INFO     | serial_manager       | Connexion sur COM3 @ 115200...
2026-05-26 00:43:08 | WARNING  | serial_manager       | Connexion échouée : could not open port 'COM3': FileNotFoundError(2, 'Le fichier spécifié est introuvable.', None, 2) — retry dans 3.0s
2026-05-26 00:43:11 | INFO     | serial_manager       | Connexion sur COM3 @ 115200...
2026-05-26 00:43:11 | WARNING  | serial_manager       | Connexion échouée : could not open port 'COM3': FileNotFoundError(2, 'Le fichier spécifié est introuvable.', None, 2) — retry dans 3.0s
2026-05-26 00:43:14 | INFO     | serial_manager       | Connexion sur COM3 @ 115200...
2026-05-26 00:43:14 | WARNING  | serial_manager       | Connexion échouée : could not open port 'COM3': FileNotFoundError(2, 'Le fichier spécifié est introuvable.', None, 2) — retry dans 3.0s
2026-05-26 00:43:17 | INFO     | serial_manager       | Connexion sur COM3 @ 115200...
2026-05-26 00:43:17 | WARNING  | serial_manager       | Connexion échouée : could not open port 'COM3': FileNotFoundError(2, 'Le fichier spécifié est introuvable.', None, 2) — retry dans 3.0s
2026-05-26 00:43:20 | INFO     | serial_manager       | Connexion sur COM3 @ 115200...
2026-05-26 00:43:20 | WARNING  | serial_manager       | Connexion échouée : could not open port 'COM3': FileNotFoundError(2, 'Le fichier spécifié est introuvable.', None, 2) — retry dans 3.0s
2026-05-26 00:43:23 | INFO     | serial_manager       | Connexion sur COM3 @ 115200...
2026-05-26 00:43:23 | WARNING  | serial_manager       | Connexion échouée : could not open port 'COM3': FileNotFoundError(2, 'Le fichier spécifié est introuvable.', None, 2) — retry dans 3.0s
2026-05-26 00:43:26 | INFO     | serial_manager       | Connexion sur COM3 @ 115200...
2026-05-26 00:43:26 | WARNING  | serial_manager       | Connexion échouée : could not open port 'COM3': FileNotFoundError(2, 'Le fichier spécifié est introuvable.', None, 2) — retry dans 3.0s
2026-05-26 00:43:29 | INFO     | serial_manager       | Connexion sur COM3 @ 115200...
2026-05-26 00:43:29 | WARNING  | serial_manager       | Connexion échouée : could not open port 'COM3': FileNotFoundError(2, 'Le fichier spécifié est introuvable.', None, 2) — retry dans 3.0s
2026-05-26 00:43:32 | INFO     | serial_manager       | Connexion sur COM3 @ 115200...
2026-05-26 00:43:32 | WARNING  | serial_manager       | Connexion échouée : could not open port 'COM3': FileNotFoundError(2, 'Le fichier spécifié est introuvable.', None, 2) — retry dans 3.0s
2026-05-26 00:43:35 | INFO     | serial_manager       | Connexion sur COM3 @ 115200...
2026-05-26 00:43:35 | WARNING  | serial_manager       | Connexion échouée : could not open port 'COM3': FileNotFoundError(2, 'Le fichier spécifié est introuvable.', None, 2) — retry dans 3.0s
2026-05-26 00:43:38 | INFO     | serial_manager       | Connexion sur COM3 @ 115200...
2026-05-26 00:43:38 | WARNING  | serial_manager       | Connexion échouée : could not open port 'COM3': FileNotFoundError(2, 'Le fichier spécifié est introuvable.', None, 2) — retry dans 3.0s
2026-05-26 00:43:41 | INFO     | serial_manager       | Connexion sur COM3 @ 115200...
2026-05-26 00:43:41 | WARNING  | serial_manager       | Connexion échouée : could not open port 'COM3': FileNotFoundError(2, 'Le fichier spécifié est introuvable.', None, 2) — retry dans 3.0s
2026-05-26 00:43:44 | INFO     | serial_manager       | Connexion sur COM3 @ 115200...
2026-05-26 00:43:44 | WARNING  | serial_manager       | Connexion échouée : could not open port 'COM3': FileNotFoundError(2, 'Le fichier spécifié est introuvable.', None, 2) — retry dans 3.0s
2026-05-26 00:43:47 | INFO     | serial_manager       | Connexion sur COM3 @ 115200...
2026-05-26 00:43:47 | WARNING  | serial_manager       | Connexion échouée : could not open port 'COM3': FileNotFoundError(2, 'Le fichier spécifié est introuvable.', None, 2) — retry dans 3.0s
2026-05-26 00:43:50 | INFO     | serial_manager       | Connexion sur COM3 @ 115200...
2026-05-26 00:43:50 | WARNING  | serial_manager       | Connexion échouée : could not open port 'COM3': FileNotFoundError(2, 'Le fichier spécifié est introuvable.', None, 2) — retry dans 3.0s
2026-05-26 00:43:53 | INFO     | serial_manager       | Connexion sur COM3 @ 115200...
2026-05-26 00:43:53 | WARNING  | serial_manager       | Connexion échouée : could not open port 'COM3': FileNotFoundError(2, 'Le fichier spécifié est introuvable.', None, 2) — retry dans 3.0s
2026-05-26 00:43:56 | INFO     | serial_manager       | Connexion sur COM3 @ 115200...
2026-05-26 00:43:56 | WARNING  | serial_manager       | Connexion échouée : could not open port 'COM3': FileNotFoundError(2, 'Le fichier spécifié est introuvable.', None, 2) — retry dans 3.0s
2026-05-26 00:43:59 | INFO     | serial_manager       | Connexion sur COM3 @ 115200...
2026-05-26 00:43:59 | WARNING  | serial_manager       | Connexion échouée : could not open port 'COM3': FileNotFoundError(2, 'Le fichier spécifié est introuvable.', None, 2) — retry dans 3.0s
2026-05-26 00:44:02 | INFO     | serial_manager       | Connexion sur COM3 @ 115200...
2026-05-26 00:44:02 | WARNING  | serial_manager       | Connexion échouée : could not open port 'COM3': FileNotFoundError(2, 'Le fichier spécifié est introuvable.', None, 2) — retry dans 3.0s
2026-05-26 00:44:05 | INFO     | serial_manager       | Connexion sur COM3 @ 115200...
2026-05-26 00:44:05 | WARNING  | serial_manager       | Connexion échouée : could not open port 'COM3': FileNotFoundError(2, 'Le fichier spécifié est introuvable.', None, 2) — retry dans 3.0s
2026-05-26 00:44:08 | INFO     | serial_manager       | Connexion sur COM3 @ 115200...
2026-05-26 00:44:08 | WARNING  | serial_manager       | Connexion échouée : could not open port 'COM3': FileNotFoundError(2, 'Le fichier spécifié est introuvable.', None, 2) — retry dans 3.0s
2026-05-26 00:44:11 | INFO     | serial_manager       | Connexion sur COM3 @ 115200...
2026-05-26 00:44:11 | WARNING  | serial_manager       | Connexion échouée : could not open port 'COM3': FileNotFoundError(2, 'Le fichier spécifié est introuvable.', None, 2) — retry dans 3.0s
2026-05-26 00:44:14 | INFO     | serial_manager       | Connexion sur COM3 @ 115200...
2026-05-26 00:44:14 | WARNING  | serial_manager       | Connexion échouée : could not open port 'COM3': FileNotFoundError(2, 'Le fichier spécifié est introuvable.', None, 2) — retry dans 3.0s
2026-05-26 00:44:17 | INFO     | serial_manager       | Connexion sur COM3 @ 115200...
2026-05-26 00:44:17 | WARNING  | serial_manager       | Connexion échouée : could not open port 'COM3': FileNotFoundError(2, 'Le fichier spécifié est introuvable.', None, 2) — retry dans 3.0s
2026-05-26 00:44:20 | INFO     | serial_manager       | Connexion sur COM3 @ 115200...
2026-05-26 00:44:20 | WARNING  | serial_manager       | Connexion échouée : could not open port 'COM3': FileNotFoundError(2, 'Le fichier spécifié est introuvable.', None, 2) — retry dans 3.0s
2026-05-26 00:44:23 | INFO     | serial_manager       | Connexion sur COM3 @ 115200...
2026-05-26 00:44:23 | WARNING  | serial_manager       | Connexion échouée : could not open port 'COM3': FileNotFoundError(2, 'Le fichier spécifié est introuvable.', None, 2) — retry dans 3.0s
2026-05-26 00:44:26 | INFO     | serial_manager       | Connexion sur COM3 @ 115200...
2026-05-26 00:44:26 | WARNING  | serial_manager       | Connexion échouée : could not open port 'COM3': FileNotFoundError(2, 'Le fichier spécifié est introuvable.', None, 2) — retry dans 3.0s
2026-05-26 00:44:29 | INFO     | serial_manager       | Connexion sur COM3 @ 115200...
2026-05-26 00:44:29 | WARNING  | serial_manager       | Connexion échouée : could not open port 'COM3': FileNotFoundError(2, 'Le fichier spécifié est introuvable.', None, 2) — retry dans 3.0s
2026-05-26 00:44:32 | INFO     | serial_manager       | Connexion sur COM3 @ 115200...
2026-05-26 00:44:32 | WARNING  | serial_manager       | Connexion échouée : could not open port 'COM3': FileNotFoundError(2, 'Le fichier spécifié est introuvable.', None, 2) — retry dans 3.0s
2026-05-26 00:44:35 | INFO     | serial_manager       | Connexion sur COM3 @ 115200...
2026-05-26 00:44:35 | WARNING  | serial_manager       | Connexion échouée : could not open port 'COM3': FileNotFoundError(2, 'Le fichier spécifié est introuvable.', None, 2) — retry dans 3.0s
2026-05-26 00:44:38 | INFO     | serial_manager       | Connexion sur COM3 @ 115200...
2026-05-26 00:44:38 | WARNING  | serial_manager       | Connexion échouée : could not open port 'COM3': FileNotFoundError(2, 'Le fichier spécifié est introuvable.', None, 2) — retry dans 3.0s
2026-05-26 00:44:41 | INFO     | serial_manager       | Connexion sur COM3 @ 115200...
2026-05-26 00:44:41 | WARNING  | serial_manager       | Connexion échouée : could not open port 'COM3': FileNotFoundError(2, 'Le fichier spécifié est introuvable.', None, 2) — retry dans 3.0s
2026-05-26 00:44:44 | INFO     | serial_manager       | Connexion sur COM3 @ 115200...
2026-05-26 00:44:44 | WARNING  | serial_manager       | Connexion échouée : could not open port 'COM3': FileNotFoundError(2, 'Le fichier spécifié est introuvable.', None, 2) — retry dans 3.0s
2026-05-26 00:44:47 | INFO     | serial_manager       | Connexion sur COM3 @ 115200...
2026-05-26 00:44:47 | WARNING  | serial_manager       | Connexion échouée : could not open port 'COM3': FileNotFoundError(2, 'Le fichier spécifié est introuvable.', None, 2) — retry dans 3.0s
2026-05-26 00:44:50 | INFO     | serial_manager       | Connexion sur COM3 @ 115200...
2026-05-26 00:44:50 | WARNING  | serial_manager       | Connexion échouée : could not open port 'COM3': FileNotFoundError(2, 'Le fichier spécifié est introuvable.', None, 2) — retry dans 3.0s
2026-05-26 00:44:53 | INFO     | serial_manager       | Connexion sur COM3 @ 115200...
2026-05-26 00:44:53 | WARNING  | serial_manager       | Connexion échouée : could not open port 'COM3': FileNotFoundError(2, 'Le fichier spécifié est introuvable.', None, 2) — retry dans 3.0s
2026-05-26 00:44:56 | INFO     | serial_manager       | Connexion sur COM3 @ 115200...
2026-05-26 00:44:56 | WARNING  | serial_manager       | Connexion échouée : could not open port 'COM3': FileNotFoundError(2, 'Le fichier spécifié est introuvable.', None, 2) — retry dans 3.0s
2026-05-26 00:44:59 | INFO     | serial_manager       | Connexion sur COM3 @ 115200...
2026-05-26 00:44:59 | WARNING  | serial_manager       | Connexion échouée : could not open port 'COM3': FileNotFoundError(2, 'Le fichier spécifié est introuvable.', None, 2) — retry dans 3.0s
2026-05-26 00:45:02 | INFO     | serial_manager       | Connexion sur COM3 @ 115200...
2026-05-26 00:45:02 | WARNING  | serial_manager       | Connexion échouée : could not open port 'COM3': FileNotFoundError(2, 'Le fichier spécifié est introuvable.', None, 2) — retry dans 3.0s
2026-05-26 00:45:03 | INFO     | agent                | Action UI : MEDIA_PLAY
2026-05-26 00:45:04 | INFO     | agent                | Action UI : MEDIA_PLAY
2026-05-26 00:45:05 | INFO     | serial_manager       | Connexion sur COM3 @ 115200...
2026-05-26 00:45:05 | WARNING  | serial_manager       | Connexion échouée : could not open port 'COM3': FileNotFoundError(2, 'Le fichier spécifié est introuvable.', None, 2) — retry dans 3.0s
2026-05-26 00:45:08 | INFO     | serial_manager       | Connexion sur COM3 @ 115200...
2026-05-26 00:45:08 | WARNING  | serial_manager       | Connexion échouée : could not open port 'COM3': FileNotFoundError(2, 'Le fichier spécifié est introuvable.', None, 2) — retry dans 3.0s
2026-05-26 00:45:11 | INFO     | serial_manager       | Connexion sur COM3 @ 115200...
2026-05-26 00:45:11 | WARNING  | serial_manager       | Connexion échouée : could not open port 'COM3': FileNotFoundError(2, 'Le fichier spécifié est introuvable.', None, 2) — retry dans 3.0s
2026-05-26 00:45:14 | INFO     | serial_manager       | Connexion sur COM3 @ 115200...
2026-05-26 00:45:14 | WARNING  | serial_manager       | Connexion échouée : could not open port 'COM3': FileNotFoundError(2, 'Le fichier spécifié est introuvable.', None, 2) — retry dans 3.0s
2026-05-26 00:45:17 | INFO     | serial_manager       | Connexion sur COM3 @ 115200...
2026-05-26 00:45:17 | WARNING  | serial_manager       | Connexion échouée : could not open port 'COM3': FileNotFoundError(2, 'Le fichier spécifié est introuvable.', None, 2) — retry dans 3.0s
2026-05-26 00:45:20 | INFO     | serial_manager       | Connexion sur COM3 @ 115200...
2026-05-26 00:45:20 | WARNING  | serial_manager       | Connexion échouée : could not open port 'COM3': FileNotFoundError(2, 'Le fichier spécifié est introuvable.', None, 2) — retry dans 3.0s
2026-05-26 00:45:23 | INFO     | serial_manager       | Connexion sur COM3 @ 115200...
2026-05-26 00:45:23 | WARNING  | serial_manager       | Connexion échouée : could not open port 'COM3': FileNotFoundError(2, 'Le fichier spécifié est introuvable.', None, 2) — retry dans 3.0s
2026-05-26 00:45:26 | INFO     | serial_manager       | Connexion sur COM3 @ 115200...
2026-05-26 00:45:26 | WARNING  | serial_manager       | Connexion échouée : could not open port 'COM3': FileNotFoundError(2, 'Le fichier spécifié est introuvable.', None, 2) — retry dans 3.0s
2026-05-26 00:45:29 | INFO     | serial_manager       | Connexion sur COM3 @ 115200...
2026-05-26 00:45:29 | WARNING  | serial_manager       | Connexion échouée : could not open port 'COM3': FileNotFoundError(2, 'Le fichier spécifié est introuvable.', None, 2) — retry dans 3.0s
2026-05-26 00:45:32 | INFO     | serial_manager       | Connexion sur COM3 @ 115200...
2026-05-26 00:45:32 | WARNING  | serial_manager       | Connexion échouée : could not open port 'COM3': FileNotFoundError(2, 'Le fichier spécifié est introuvable.', None, 2) — retry dans 3.0s
2026-05-26 00:45:35 | INFO     | serial_manager       | Connexion sur COM3 @ 115200...
2026-05-26 00:45:35 | WARNING  | serial_manager       | Connexion échouée : could not open port 'COM3': FileNotFoundError(2, 'Le fichier spécifié est introuvable.', None, 2) — retry dans 3.0s
2026-05-26 00:45:38 | INFO     | serial_manager       | Connexion sur COM3 @ 115200...
2026-05-26 00:45:38 | WARNING  | serial_manager       | Connexion échouée : could not open port 'COM3': FileNotFoundError(2, 'Le fichier spécifié est introuvable.', None, 2) — retry dans 3.0s
2026-05-26 00:45:41 | INFO     | serial_manager       | Connexion sur COM3 @ 115200...
2026-05-26 00:45:41 | WARNING  | serial_manager       | Connexion échouée : could not open port 'COM3': FileNotFoundError(2, 'Le fichier spécifié est introuvable.', None, 2) — retry dans 3.0s
2026-05-26 00:45:44 | INFO     | serial_manager       | Connexion sur COM3 @ 115200...
2026-05-26 00:45:44 | WARNING  | serial_manager       | Connexion échouée : could not open port 'COM3': FileNotFoundError(2, 'Le fichier spécifié est introuvable.', None, 2) — retry dans 3.0s
2026-05-26 00:45:47 | INFO     | serial_manager       | Connexion sur COM3 @ 115200...
2026-05-26 00:45:47 | WARNING  | serial_manager       | Connexion échouée : could not open port 'COM3': FileNotFoundError(2, 'Le fichier spécifié est introuvable.', None, 2) — retry dans 3.0s
2026-05-26 00:45:50 | INFO     | serial_manager       | Connexion sur COM3 @ 115200...
2026-05-26 00:45:50 | WARNING  | serial_manager       | Connexion échouée : could not open port 'COM3': FileNotFoundError(2, 'Le fichier spécifié est introuvable.', None, 2) — retry dans 3.0s
2026-05-26 00:45:53 | INFO     | serial_manager       | Connexion sur COM3 @ 115200...
2026-05-26 00:45:53 | WARNING  | serial_manager       | Connexion échouée : could not open port 'COM3': FileNotFoundError(2, 'Le fichier spécifié est introuvable.', None, 2) — retry dans 3.0s
